VER,3.2.14,2016-08-03 15:59:24 +0900,/home/vagrant/wint/tmp/data/001/0001/001/analy/adlint/output
DEF,../adlint.c,10,1,M,SUITE,O
DEF,../adlint.c,11,1,M,NUMBER,O
DCL,../adlint.c,26,5,F,X,F,E,strategy_main,"int strategy_main((int)[],(int)[],int,int,int)"
DCL,../adlint.c,27,5,F,X,F,E,final_final_attack,"int final_final_attack((int)[],(int)[],int)"
DCL,../adlint.c,28,6,F,X,F,E,final_attack,"void final_attack(((Cell)[13])[],(int)[],(int)[],int)"
DCL,../adlint.c,29,6,F,X,F,E,exp_table,"void exp_table(((Cell)[13])[],(int)[],int)"
DCL,../adlint.c,30,8,F,X,F,E,exp_flush,"double exp_flush(((Cell)[13])[],int,int,int)"
DCL,../adlint.c,31,8,F,X,F,E,exp_pair,"double exp_pair(((Cell)[13])[],int,int,int)"
DCL,../adlint.c,32,8,F,X,F,E,exp_straight,"double exp_straight(((Cell)[13])[],int,int,int)"
DCL,../adlint.c,33,8,F,X,F,E,exp_sflush,"double exp_sflush(((Cell)[13])[],int,int,int)"
DCL,../adlint.c,34,8,F,X,F,E,exp_rsflush,"double exp_rsflush(((Cell)[13])[],int,int,int)"
DCL,../adlint.c,36,6,F,X,F,E,simulate_table,"void simulate_table(((Cell)[13])[],(int)[],(int)[],int,int)"
DCL,../adlint.c,37,5,F,X,F,E,decide_hand,"int decide_hand(((Cell)[13])[],(int)[])"
DCL,../adlint.c,38,8,F,X,F,E,ave_exp,"double ave_exp(((Cell)[13])[],(int)[])"
DCL,../adlint.c,41,6,F,X,F,E,init_table,"void init_table(((Cell)[13])[],(int)[],(int)[],int,int)"
DCL,../adlint.c,42,6,F,X,F,E,create_stock,"void create_stock((int)[],int,(int)[],(int)[],int)"
DCL,../adlint.c,45,6,F,X,F,E,output_table,void output_table(((Cell)[13])[])
DEF,../adlint.c,75,5,F,X,F,strategy,"int strategy((int const)[],(int const)[],int,int,(int const)[],int)",14
DEF,../adlint.c,75,24,V,I,P,N,hd,(int const)[]
DEF,../adlint.c,75,40,V,I,P,N,fd,(int const)[]
DEF,../adlint.c,75,50,V,I,P,N,cg,int
DEF,../adlint.c,75,58,V,I,P,N,tk,int
DEF,../adlint.c,75,72,V,I,P,N,ud,(int const)[]
DEF,../adlint.c,75,82,V,I,P,N,us,int
DCL,../adlint.c,77,12,F,X,F,I,HNUM,int HNUM()
DEP,../adlint.c,77,12,X,F,strategy,"int strategy((int const)[],(int const)[],int,int,(int const)[],int)",R,HNUM,int HNUM()
DEF,../adlint.c,77,7,V,I,B,N,myhd,(int)[1]
DCL,../adlint.c,77,24,F,X,F,I,CNUM,int CNUM()
DEP,../adlint.c,77,24,X,F,strategy,"int strategy((int const)[],(int const)[],int,int,(int const)[],int)",R,CNUM,int CNUM()
DEF,../adlint.c,77,19,V,I,B,N,myud,(int)[1]
DEP,../adlint.c,77,37,X,F,strategy,"int strategy((int const)[],(int const)[],int,int,(int const)[],int)",R,CNUM,int CNUM()
DEF,../adlint.c,77,31,V,I,B,N,stock,(int)[1]
DEP,../adlint.c,78,19,X,F,strategy,"int strategy((int const)[],(int const)[],int,int,(int const)[],int)",R,CNUM,int CNUM()
DEP,../adlint.c,78,26,X,F,strategy,"int strategy((int const)[],(int const)[],int,int,(int const)[],int)",R,HNUM,int HNUM()
DEF,../adlint.c,78,7,V,I,B,N,stock_num,int
DEP,../adlint.c,80,22,X,F,strategy,"int strategy((int const)[],(int const)[],int,int,(int const)[],int)",R,HNUM,int HNUM()
DCL,../adlint.c,80,3,F,X,F,I,arr_copy,int arr_copy()
DEP,../adlint.c,80,3,X,F,strategy,"int strategy((int const)[],(int const)[],int,int,(int const)[],int)",R,arr_copy,int arr_copy()
DEP,../adlint.c,80,11,C,strategy,"int strategy((int const)[],(int const)[],int,int,(int const)[],int)",arr_copy,int arr_copy()
DCL,../adlint.c,82,8,F,X,F,I,poker_point,int poker_point()
DEP,../adlint.c,82,8,X,F,strategy,"int strategy((int const)[],(int const)[],int,int,(int const)[],int)",R,poker_point,int poker_point()
DEP,../adlint.c,82,19,C,strategy,"int strategy((int const)[],(int const)[],int,int,(int const)[],int)",poker_point,int poker_point()
DCL,../adlint.c,82,29,F,X,F,I,P6,int P6()
DEP,../adlint.c,82,29,X,F,strategy,"int strategy((int const)[],(int const)[],int,int,(int const)[],int)",R,P6,int P6()
DEP,../adlint.c,84,3,X,F,strategy,"int strategy((int const)[],(int const)[],int,int,(int const)[],int)",R,arr_copy,int arr_copy()
DEP,../adlint.c,84,11,C,strategy,"int strategy((int const)[],(int const)[],int,int,(int const)[],int)",arr_copy,int arr_copy()
DEP,../adlint.c,85,3,X,F,strategy,"int strategy((int const)[],(int const)[],int,int,(int const)[],int)",R,create_stock,"void create_stock((int)[],int,(int)[],(int)[],int)"
DEP,../adlint.c,85,15,C,strategy,"int strategy((int const)[],(int const)[],int,int,(int const)[],int)",create_stock,"void create_stock((int)[],int,(int)[],(int)[],int)"
DEP,../adlint.c,87,10,X,F,strategy,"int strategy((int const)[],(int const)[],int,int,(int const)[],int)",R,strategy_main,"int strategy_main((int)[],(int)[],int,int,int)"
DEP,../adlint.c,87,23,C,strategy,"int strategy((int const)[],(int const)[],int,int,(int const)[],int)",strategy_main,"int strategy_main((int)[],(int)[],int,int,int)"
MET,FN_UNUV,strategy,"int strategy((int const)[],(int const)[],int,int,(int const)[],int)",../adlint.c,75,5,6
MET,FN_PATH,strategy,"int strategy((int const)[],(int const)[],int,int,(int const)[],int)",../adlint.c,75,5,2
DEF,../adlint.c,101,5,F,X,F,strategy_main,"int strategy_main((int)[],(int)[],int,int,int)",23
DEF,../adlint.c,101,23,V,I,P,N,hd,(int)[]
DEF,../adlint.c,101,33,V,I,P,N,st,(int)[]
DEF,../adlint.c,101,43,V,I,P,N,sn,int
DEF,../adlint.c,101,51,V,I,P,N,tk,int
DEF,../adlint.c,101,59,V,I,P,N,cg,int
DEF,../adlint.c,103,8,V,I,B,N,table,((Cell)[13])[4]
DEF,../adlint.c,104,10,V,I,B,N,ave,double
DCL,../adlint.c,106,8,F,X,F,I,CHNG,int CHNG()
DEP,../adlint.c,106,8,X,F,strategy_main,"int strategy_main((int)[],(int)[],int,int,int)",R,CHNG,int CHNG()
DEP,../adlint.c,106,30,X,F,strategy_main,"int strategy_main((int)[],(int)[],int,int,int)",R,final_final_attack,"int final_final_attack((int)[],(int)[],int)"
DEP,../adlint.c,106,48,C,strategy_main,"int strategy_main((int)[],(int)[],int,int,int)",final_final_attack,"int final_final_attack((int)[],(int)[],int)"
DEP,../adlint.c,108,3,X,F,strategy_main,"int strategy_main((int)[],(int)[],int,int,int)",R,init_table,"void init_table(((Cell)[13])[],(int)[],(int)[],int,int)"
DEP,../adlint.c,108,13,C,strategy_main,"int strategy_main((int)[],(int)[],int,int,int)",init_table,"void init_table(((Cell)[13])[],(int)[],(int)[],int,int)"
DEP,../adlint.c,109,3,X,F,strategy_main,"int strategy_main((int)[],(int)[],int,int,int)",R,exp_table,"void exp_table(((Cell)[13])[],(int)[],int)"
DEP,../adlint.c,109,12,C,strategy_main,"int strategy_main((int)[],(int)[],int,int,int)",exp_table,"void exp_table(((Cell)[13])[],(int)[],int)"
DEP,../adlint.c,111,9,X,F,strategy_main,"int strategy_main((int)[],(int)[],int,int,int)",R,ave_exp,"double ave_exp(((Cell)[13])[],(int)[])"
DEP,../adlint.c,111,16,C,strategy_main,"int strategy_main((int)[],(int)[],int,int,int)",ave_exp,"double ave_exp(((Cell)[13])[],(int)[])"
DEP,../adlint.c,118,20,X,F,strategy_main,"int strategy_main((int)[],(int)[],int,int,int)",R,final_attack,"void final_attack(((Cell)[13])[],(int)[],(int)[],int)"
DEP,../adlint.c,118,32,C,strategy_main,"int strategy_main((int)[],(int)[],int,int,int)",final_attack,"void final_attack(((Cell)[13])[],(int)[],(int)[],int)"
DEP,../adlint.c,122,10,X,F,strategy_main,"int strategy_main((int)[],(int)[],int,int,int)",R,decide_hand,"int decide_hand(((Cell)[13])[],(int)[])"
DEP,../adlint.c,122,21,C,strategy_main,"int strategy_main((int)[],(int)[],int,int,int)",decide_hand,"int decide_hand(((Cell)[13])[],(int)[])"
MET,FN_UNUV,strategy_main,"int strategy_main((int)[],(int)[],int,int,int)",../adlint.c,101,5,4
MET,FN_PATH,strategy_main,"int strategy_main((int)[],(int)[],int,int,int)",../adlint.c,101,5,8
DEF,../adlint.c,128,5,F,X,F,final_final_attack,"int final_final_attack((int)[],(int)[],int)",39
DEF,../adlint.c,128,28,V,I,P,N,hd,(int)[]
DEF,../adlint.c,128,38,V,I,P,N,st,(int)[]
DEF,../adlint.c,128,48,V,I,P,N,sn,int
DEP,../adlint.c,130,11,X,F,final_final_attack,"int final_final_attack((int)[],(int)[],int)",R,HNUM,int HNUM()
DEF,../adlint.c,130,7,V,I,B,N,thd,(int)[1]
DEP,../adlint.c,130,22,X,F,final_final_attack,"int final_final_attack((int)[],(int)[],int)",R,HNUM,int HNUM()
DEF,../adlint.c,130,18,V,I,B,N,mhd,(int)[1]
DEF,../adlint.c,131,7,V,I,B,N,k,int
DEF,../adlint.c,132,7,V,I,B,N,k1,int
DEF,../adlint.c,132,11,V,I,B,N,k2,int
DEF,../adlint.c,132,15,V,I,B,N,k3,int
DEF,../adlint.c,132,19,V,I,B,N,k4,int
DEF,../adlint.c,132,23,V,I,B,N,k5,int
DEF,../adlint.c,133,7,V,I,B,N,max,int
DEF,../adlint.c,134,7,V,I,B,N,t,int
DEP,../adlint.c,136,20,X,F,final_final_attack,"int final_final_attack((int)[],(int)[],int)",R,HNUM,int HNUM()
DEP,../adlint.c,136,20,X,F,final_final_attack,"int final_final_attack((int)[],(int)[],int)",R,HNUM,int HNUM()
DEP,../adlint.c,137,9,X,F,final_final_attack,"int final_final_attack((int)[],(int)[],int)",R,HNUM,int HNUM()
DEP,../adlint.c,149,17,X,F,final_final_attack,"int final_final_attack((int)[],(int)[],int)",R,poker_point,int poker_point()
DEP,../adlint.c,149,28,C,final_final_attack,"int final_final_attack((int)[],(int)[],int)",poker_point,int poker_point()
DEP,../adlint.c,150,58,X,F,final_final_attack,"int final_final_attack((int)[],(int)[],int)",R,HNUM,int HNUM()
DEP,../adlint.c,150,39,X,F,final_final_attack,"int final_final_attack((int)[],(int)[],int)",R,arr_copy,int arr_copy()
DEP,../adlint.c,150,47,C,final_final_attack,"int final_final_attack((int)[],(int)[],int)",arr_copy,int arr_copy()
DEP,../adlint.c,157,22,X,F,final_final_attack,"int final_final_attack((int)[],(int)[],int)",R,HNUM,int HNUM()
DEF,../adlint.c,158,9,V,I,B,N,flag,int
DEP,../adlint.c,159,24,X,F,final_final_attack,"int final_final_attack((int)[],(int)[],int)",R,HNUM,int HNUM()
DEP,../adlint.c,159,24,X,F,final_final_attack,"int final_final_attack((int)[],(int)[],int)",R,HNUM,int HNUM()
DEP,../adlint.c,157,22,X,F,final_final_attack,"int final_final_attack((int)[],(int)[],int)",R,HNUM,int HNUM()
MET,FN_UNUV,final_final_attack,"int final_final_attack((int)[],(int)[],int)",../adlint.c,128,5,2
MET,FN_PATH,final_final_attack,"int final_final_attack((int)[],(int)[],int)",../adlint.c,128,5,28
DEF,../adlint.c,171,6,F,X,F,final_attack,"void final_attack(((Cell)[13])[],(int)[],(int)[],int)",15
DEF,../adlint.c,171,24,V,I,P,N,table,((Cell)[13])[]
DEF,../adlint.c,171,45,V,I,P,N,hd,(int)[]
DEF,../adlint.c,171,55,V,I,P,N,st,(int)[]
DEF,../adlint.c,171,65,V,I,P,N,sn,int
DEF,../adlint.c,173,7,V,I,B,N,k1,int
DEF,../adlint.c,173,11,V,I,B,N,k2,int
DCL,../adlint.c,174,16,F,X,F,I,INT_MAX,int INT_MAX()
DEP,../adlint.c,174,16,X,F,final_attack,"void final_attack(((Cell)[13])[],(int)[],(int)[],int)",R,INT_MAX,int INT_MAX()
DEF,../adlint.c,174,10,V,I,B,N,min,double
DEF,../adlint.c,175,7,V,I,B,N,sub,int
DEF,../adlint.c,176,8,V,I,B,N,tmp,((Cell)[13])[4]
DEP,../adlint.c,178,3,X,F,final_attack,"void final_attack(((Cell)[13])[],(int)[],(int)[],int)",R,init_table,"void init_table(((Cell)[13])[],(int)[],(int)[],int,int)"
DEP,../adlint.c,178,13,C,final_attack,"void final_attack(((Cell)[13])[],(int)[],(int)[],int)",init_table,"void init_table(((Cell)[13])[],(int)[],(int)[],int,int)"
DEP,../adlint.c,179,3,X,F,final_attack,"void final_attack(((Cell)[13])[],(int)[],(int)[],int)",R,exp_table,"void exp_table(((Cell)[13])[],(int)[],int)"
DEP,../adlint.c,179,12,C,final_attack,"void final_attack(((Cell)[13])[],(int)[],(int)[],int)",exp_table,"void exp_table(((Cell)[13])[],(int)[],int)"
MET,FN_UNUV,final_attack,"void final_attack(((Cell)[13])[],(int)[],(int)[],int)",../adlint.c,171,6,5
MET,FN_PATH,final_attack,"void final_attack(((Cell)[13])[],(int)[],(int)[],int)",../adlint.c,171,6,1
DEF,../adlint.c,190,6,F,X,F,exp_table,"void exp_table(((Cell)[13])[],(int)[],int)",14
DEF,../adlint.c,190,21,V,I,P,N,table,((Cell)[13])[]
DEF,../adlint.c,190,42,V,I,P,N,hd,(int)[]
DEF,../adlint.c,190,52,V,I,P,N,sn,int
DEF,../adlint.c,192,7,V,I,B,N,sut,int
DEF,../adlint.c,192,12,V,I,B,N,num,int
DEF,../adlint.c,193,7,V,I,B,N,k,int
DEP,../adlint.c,195,20,X,F,exp_table,"void exp_table(((Cell)[13])[],(int)[],int)",R,HNUM,int HNUM()
DEP,../adlint.c,197,28,X,F,exp_table,"void exp_table(((Cell)[13])[],(int)[],int)",R,exp_flush,"double exp_flush(((Cell)[13])[],int,int,int)"
DEP,../adlint.c,197,37,C,exp_table,"void exp_table(((Cell)[13])[],(int)[],int)",exp_flush,"double exp_flush(((Cell)[13])[],int,int,int)"
DEP,../adlint.c,198,28,X,F,exp_table,"void exp_table(((Cell)[13])[],(int)[],int)",R,exp_pair,"double exp_pair(((Cell)[13])[],int,int,int)"
DEP,../adlint.c,198,36,C,exp_table,"void exp_table(((Cell)[13])[],(int)[],int)",exp_pair,"double exp_pair(((Cell)[13])[],int,int,int)"
DEP,../adlint.c,199,28,X,F,exp_table,"void exp_table(((Cell)[13])[],(int)[],int)",R,exp_straight,"double exp_straight(((Cell)[13])[],int,int,int)"
DEP,../adlint.c,199,40,C,exp_table,"void exp_table(((Cell)[13])[],(int)[],int)",exp_straight,"double exp_straight(((Cell)[13])[],int,int,int)"
DEP,../adlint.c,200,28,X,F,exp_table,"void exp_table(((Cell)[13])[],(int)[],int)",R,exp_sflush,"double exp_sflush(((Cell)[13])[],int,int,int)"
DEP,../adlint.c,200,38,C,exp_table,"void exp_table(((Cell)[13])[],(int)[],int)",exp_sflush,"double exp_sflush(((Cell)[13])[],int,int,int)"
DEP,../adlint.c,201,28,X,F,exp_table,"void exp_table(((Cell)[13])[],(int)[],int)",R,exp_rsflush,"double exp_rsflush(((Cell)[13])[],int,int,int)"
DEP,../adlint.c,201,39,C,exp_table,"void exp_table(((Cell)[13])[],(int)[],int)",exp_rsflush,"double exp_rsflush(((Cell)[13])[],int,int,int)"
DEP,../adlint.c,195,20,X,F,exp_table,"void exp_table(((Cell)[13])[],(int)[],int)",R,HNUM,int HNUM()
MET,FN_UNUV,exp_table,"void exp_table(((Cell)[13])[],(int)[],int)",../adlint.c,190,6,1
MET,FN_PATH,exp_table,"void exp_table(((Cell)[13])[],(int)[],int)",../adlint.c,190,6,1
DEF,../adlint.c,208,8,F,X,F,exp_flush,"double exp_flush(((Cell)[13])[],int,int,int)",22
DEF,../adlint.c,208,23,V,I,P,N,table,((Cell)[13])[]
DEF,../adlint.c,208,44,V,I,P,N,sut,int
DEF,../adlint.c,208,53,V,I,P,N,num,int
DEF,../adlint.c,208,62,V,I,P,N,sn,int
DEF,../adlint.c,210,7,V,I,B,N,k,int
DEF,../adlint.c,211,7,V,I,B,N,val,int
DEF,../adlint.c,212,10,V,I,B,N,base,double
DEF,../adlint.c,213,7,V,I,B,N,cnt,int
DEP,../adlint.c,214,19,X,F,exp_flush,"double exp_flush(((Cell)[13])[],int,int,int)",R,HNUM,int HNUM()
DEF,../adlint.c,214,7,V,I,B,N,flush_num,int
DCL,../adlint.c,228,17,F,X,F,I,P5,int P5()
DEP,../adlint.c,228,17,X,F,exp_flush,"double exp_flush(((Cell)[13])[],int,int,int)",R,P5,int P5()
MET,FN_UNUV,exp_flush,"double exp_flush(((Cell)[13])[],int,int,int)",../adlint.c,208,8,2
MET,FN_PATH,exp_flush,"double exp_flush(((Cell)[13])[],int,int,int)",../adlint.c,208,8,6
DEF,../adlint.c,234,8,F,X,F,exp_pair,"double exp_pair(((Cell)[13])[],int,int,int)",24
DEF,../adlint.c,234,22,V,I,P,N,table,((Cell)[13])[]
DEF,../adlint.c,234,43,V,I,P,N,sut,int
DEF,../adlint.c,234,52,V,I,P,N,num,int
DEF,../adlint.c,234,61,V,I,P,N,sn,int
DEF,../adlint.c,236,7,V,I,B,N,k,int
DEF,../adlint.c,237,7,V,I,B,N,val,int
DEF,../adlint.c,238,10,V,I,B,N,base,double
DEF,../adlint.c,239,10,V,I,B,N,exp,double
DEF,../adlint.c,240,7,V,I,B,N,cnt,int
DCL,../adlint.c,241,18,F,X,F,I,P0,int P0()
DEP,../adlint.c,241,18,X,F,exp_pair,"double exp_pair(((Cell)[13])[],int,int,int)",R,P0,int P0()
DCL,../adlint.c,241,22,F,X,F,I,P1,int P1()
DEP,../adlint.c,241,22,X,F,exp_pair,"double exp_pair(((Cell)[13])[],int,int,int)",R,P1,int P1()
DCL,../adlint.c,241,26,F,X,F,I,P3,int P3()
DEP,../adlint.c,241,26,X,F,exp_pair,"double exp_pair(((Cell)[13])[],int,int,int)",R,P3,int P3()
DCL,../adlint.c,241,30,F,X,F,I,P7,int P7()
DEP,../adlint.c,241,30,X,F,exp_pair,"double exp_pair(((Cell)[13])[],int,int,int)",R,P7,int P7()
DEF,../adlint.c,241,7,V,I,B,N,point,(int)[4]
DEF,../adlint.c,242,7,V,I,B,N,point_num,int
MET,FN_UNUV,exp_pair,"double exp_pair(((Cell)[13])[],int,int,int)",../adlint.c,234,8,2
MET,FN_PATH,exp_pair,"double exp_pair(((Cell)[13])[],int,int,int)",../adlint.c,234,8,6
DEF,../adlint.c,262,8,F,X,F,exp_straight,"double exp_straight(((Cell)[13])[],int,int,int)",36
DEF,../adlint.c,262,26,V,I,P,N,table,((Cell)[13])[]
DEF,../adlint.c,262,47,V,I,P,N,sut,int
DEF,../adlint.c,262,56,V,I,P,N,num,int
DEF,../adlint.c,262,65,V,I,P,N,sn,int
DEF,../adlint.c,264,7,V,I,B,N,k,int
DEF,../adlint.c,264,10,V,I,B,N,k1,int
DEF,../adlint.c,264,14,V,I,B,N,k2,int
DEF,../adlint.c,265,10,V,I,B,N,exp,double
DEF,../adlint.c,266,7,V,I,B,N,cnt,int
DEP,../adlint.c,267,15,X,F,exp_straight,"double exp_straight(((Cell)[13])[],int,int,int)",R,HNUM,int HNUM()
DEF,../adlint.c,267,7,V,I,B,N,s_num,int
DEF,../adlint.c,268,7,V,I,B,N,s,int
DEF,../adlint.c,268,10,V,I,B,N,e,int
DEF,../adlint.c,281,9,V,I,B,N,i,int
DEF,../adlint.c,282,12,V,I,B,N,tmp,double
DEF,../adlint.c,284,11,V,I,B,N,val,int
DCL,../adlint.c,293,18,F,X,F,I,P4,int P4()
DEP,../adlint.c,293,18,X,F,exp_straight,"double exp_straight(((Cell)[13])[],int,int,int)",R,P4,int P4()
MET,FN_UNUV,exp_straight,"double exp_straight(((Cell)[13])[],int,int,int)",../adlint.c,262,8,2
MET,FN_PATH,exp_straight,"double exp_straight(((Cell)[13])[],int,int,int)",../adlint.c,262,8,42
DEF,../adlint.c,302,8,F,X,F,exp_sflush,"double exp_sflush(((Cell)[13])[],int,int,int)",33
DEF,../adlint.c,302,24,V,I,P,N,table,((Cell)[13])[]
DEF,../adlint.c,302,45,V,I,P,N,sut,int
DEF,../adlint.c,302,54,V,I,P,N,num,int
DEF,../adlint.c,302,63,V,I,P,N,sn,int
DEF,../adlint.c,304,7,V,I,B,N,k1,int
DEF,../adlint.c,304,11,V,I,B,N,k2,int
DEF,../adlint.c,305,10,V,I,B,N,exp,double
DEP,../adlint.c,306,15,X,F,exp_sflush,"double exp_sflush(((Cell)[13])[],int,int,int)",R,HNUM,int HNUM()
DEF,../adlint.c,306,7,V,I,B,N,s_num,int
DEF,../adlint.c,307,7,V,I,B,N,s,int
DEF,../adlint.c,307,10,V,I,B,N,e,int
DEF,../adlint.c,314,9,V,I,B,N,i,int
DEF,../adlint.c,315,12,V,I,B,N,base,double
DEF,../adlint.c,316,9,V,I,B,N,val,int
DEF,../adlint.c,317,9,V,I,B,N,cnt,int
DCL,../adlint.c,330,19,F,X,F,I,P8,int P8()
DEP,../adlint.c,330,19,X,F,exp_sflush,"double exp_sflush(((Cell)[13])[],int,int,int)",R,P8,int P8()
MET,FN_UNUV,exp_sflush,"double exp_sflush(((Cell)[13])[],int,int,int)",../adlint.c,302,8,2
MET,FN_PATH,exp_sflush,"double exp_sflush(((Cell)[13])[],int,int,int)",../adlint.c,302,8,36
DEF,../adlint.c,339,8,F,X,F,exp_rsflush,"double exp_rsflush(((Cell)[13])[],int,int,int)",25
DEF,../adlint.c,339,25,V,I,P,N,table,((Cell)[13])[]
DEF,../adlint.c,339,46,V,I,P,N,sut,int
DEF,../adlint.c,339,55,V,I,P,N,num,int
DEF,../adlint.c,339,64,V,I,P,N,sn,int
DEF,../adlint.c,341,7,V,I,B,N,k,int
DEP,../adlint.c,342,15,X,F,exp_rsflush,"double exp_rsflush(((Cell)[13])[],int,int,int)",R,HNUM,int HNUM()
DEF,../adlint.c,342,7,V,I,B,N,s_num,int
DEF,../adlint.c,343,10,V,I,B,N,base,double
DEF,../adlint.c,344,7,V,I,B,N,val,int
DEF,../adlint.c,345,7,V,I,B,N,cnt,int
DCL,../adlint.c,362,17,F,X,F,I,P9,int P9()
DEP,../adlint.c,362,17,X,F,exp_rsflush,"double exp_rsflush(((Cell)[13])[],int,int,int)",R,P9,int P9()
MET,FN_UNUV,exp_rsflush,"double exp_rsflush(((Cell)[13])[],int,int,int)",../adlint.c,339,8,1
MET,FN_PATH,exp_rsflush,"double exp_rsflush(((Cell)[13])[],int,int,int)",../adlint.c,339,8,9
DEF,../adlint.c,368,6,F,X,F,simulate_table,"void simulate_table(((Cell)[13])[],(int)[],(int)[],int,int)",26
DEF,../adlint.c,368,26,V,I,P,N,table,((Cell)[13])[]
DEF,../adlint.c,368,47,V,I,P,N,hd,(int)[]
DEF,../adlint.c,368,57,V,I,P,N,st,(int)[]
DEF,../adlint.c,368,67,V,I,P,N,sn,int
DEF,../adlint.c,368,75,V,I,P,N,cg,int
DEF,../adlint.c,370,7,V,I,B,N,k1,int
DEF,../adlint.c,370,11,V,I,B,N,k2,int
DEP,../adlint.c,374,22,X,F,simulate_table,"void simulate_table(((Cell)[13])[],(int)[],(int)[],int,int)",R,HNUM,int HNUM()
DEF,../adlint.c,375,9,V,I,B,N,t,int
DEF,../adlint.c,376,12,V,I,B,N,exp,double
DEF,../adlint.c,378,12,V,I,B,N,tmp,((Cell)[13])[4]
DCL,../adlint.c,381,7,F,X,F,I,arr_swap,int arr_swap()
DEP,../adlint.c,381,7,X,F,simulate_table,"void simulate_table(((Cell)[13])[],(int)[],(int)[],int,int)",R,arr_swap,int arr_swap()
DEP,../adlint.c,381,15,C,simulate_table,"void simulate_table(((Cell)[13])[],(int)[],(int)[],int,int)",arr_swap,int arr_swap()
DEP,../adlint.c,382,7,X,F,simulate_table,"void simulate_table(((Cell)[13])[],(int)[],(int)[],int,int)",R,init_table,"void init_table(((Cell)[13])[],(int)[],(int)[],int,int)"
DEP,../adlint.c,382,17,C,simulate_table,"void simulate_table(((Cell)[13])[],(int)[],(int)[],int,int)",init_table,"void init_table(((Cell)[13])[],(int)[],(int)[],int,int)"
DEP,../adlint.c,383,7,X,F,simulate_table,"void simulate_table(((Cell)[13])[],(int)[],(int)[],int,int)",R,exp_table,"void exp_table(((Cell)[13])[],(int)[],int)"
DEP,../adlint.c,383,16,C,simulate_table,"void simulate_table(((Cell)[13])[],(int)[],(int)[],int,int)",exp_table,"void exp_table(((Cell)[13])[],(int)[],int)"
DEP,../adlint.c,385,7,X,F,simulate_table,"void simulate_table(((Cell)[13])[],(int)[],(int)[],int,int)",R,simulate_table,"void simulate_table(((Cell)[13])[],(int)[],(int)[],int,int)"
DEP,../adlint.c,385,21,C,simulate_table,"void simulate_table(((Cell)[13])[],(int)[],(int)[],int,int)",simulate_table,"void simulate_table(((Cell)[13])[],(int)[],(int)[],int,int)"
DEP,../adlint.c,386,14,X,F,simulate_table,"void simulate_table(((Cell)[13])[],(int)[],(int)[],int,int)",R,ave_exp,"double ave_exp(((Cell)[13])[],(int)[])"
DEP,../adlint.c,386,21,C,simulate_table,"void simulate_table(((Cell)[13])[],(int)[],(int)[],int,int)",ave_exp,"double ave_exp(((Cell)[13])[],(int)[])"
DEP,../adlint.c,388,7,X,F,simulate_table,"void simulate_table(((Cell)[13])[],(int)[],(int)[],int,int)",R,arr_swap,int arr_swap()
DEP,../adlint.c,388,15,C,simulate_table,"void simulate_table(((Cell)[13])[],(int)[],(int)[],int,int)",arr_swap,int arr_swap()
DEP,../adlint.c,374,22,X,F,simulate_table,"void simulate_table(((Cell)[13])[],(int)[],(int)[],int,int)",R,HNUM,int HNUM()
MET,FN_UNUV,simulate_table,"void simulate_table(((Cell)[13])[],(int)[],(int)[],int,int)",../adlint.c,368,6,4
MET,FN_PATH,simulate_table,"void simulate_table(((Cell)[13])[],(int)[],(int)[],int,int)",../adlint.c,368,6,2
DEF,../adlint.c,398,5,F,X,F,decide_hand,"int decide_hand(((Cell)[13])[],(int)[])",17
DEF,../adlint.c,398,22,V,I,P,N,table,((Cell)[13])[]
DEF,../adlint.c,398,43,V,I,P,N,hd,(int)[]
DEF,../adlint.c,400,7,V,I,B,N,sut,int
DEF,../adlint.c,400,12,V,I,B,N,num,int
DEF,../adlint.c,401,7,V,I,B,N,k,int
DEF,../adlint.c,402,7,V,I,B,N,sub,int
DEP,../adlint.c,403,20,X,F,decide_hand,"int decide_hand(((Cell)[13])[],(int)[])",R,INT_MAX,int INT_MAX()
DEF,../adlint.c,403,10,V,I,B,N,min_exp,double
DEP,../adlint.c,405,20,X,F,decide_hand,"int decide_hand(((Cell)[13])[],(int)[])",R,HNUM,int HNUM()
DEP,../adlint.c,405,20,X,F,decide_hand,"int decide_hand(((Cell)[13])[],(int)[])",R,HNUM,int HNUM()
MET,FN_UNUV,decide_hand,"int decide_hand(((Cell)[13])[],(int)[])",../adlint.c,398,5,1
MET,FN_PATH,decide_hand,"int decide_hand(((Cell)[13])[],(int)[])",../adlint.c,398,5,2
DEF,../adlint.c,419,8,F,X,F,ave_exp,"double ave_exp(((Cell)[13])[],(int)[])",12
DEF,../adlint.c,419,21,V,I,P,N,table,((Cell)[13])[]
DEF,../adlint.c,419,42,V,I,P,N,hd,(int)[]
DEF,../adlint.c,421,7,V,I,B,N,k,int
DEF,../adlint.c,422,10,V,I,B,N,exp,double
DEF,../adlint.c,423,7,V,I,B,N,sut,int
DEF,../adlint.c,423,12,V,I,B,N,num,int
DEP,../adlint.c,424,20,X,F,ave_exp,"double ave_exp(((Cell)[13])[],(int)[])",R,HNUM,int HNUM()
DEP,../adlint.c,424,20,X,F,ave_exp,"double ave_exp(((Cell)[13])[],(int)[])",R,HNUM,int HNUM()
DEP,../adlint.c,429,16,X,F,ave_exp,"double ave_exp(((Cell)[13])[],(int)[])",R,HNUM,int HNUM()
MET,FN_UNUV,ave_exp,"double ave_exp(((Cell)[13])[],(int)[])",../adlint.c,419,8,0
MET,FN_PATH,ave_exp,"double ave_exp(((Cell)[13])[],(int)[])",../adlint.c,419,8,1
DEF,../adlint.c,439,6,F,X,F,init_table,"void init_table(((Cell)[13])[],(int)[],(int)[],int,int)",20
DEF,../adlint.c,439,22,V,I,P,N,table,((Cell)[13])[]
DEF,../adlint.c,439,43,V,I,P,N,hd,(int)[]
DEF,../adlint.c,439,53,V,I,P,N,st,(int)[]
DEF,../adlint.c,439,63,V,I,P,N,sn,int
DEF,../adlint.c,439,71,V,I,P,N,tk,int
DEF,../adlint.c,441,7,V,I,B,N,k,int
DEF,../adlint.c,442,7,V,I,B,N,sut,int
DEF,../adlint.c,442,12,V,I,B,N,num,int
DCL,../adlint.c,443,21,F,X,F,I,TAKE,int TAKE()
DEP,../adlint.c,443,21,X,F,init_table,"void init_table(((Cell)[13])[],(int)[],(int)[],int,int)",R,TAKE,int TAKE()
DEF,../adlint.c,443,7,V,I,B,N,type,int
DEP,../adlint.c,444,20,X,F,init_table,"void init_table(((Cell)[13])[],(int)[],(int)[],int,int)",R,TAKE,int TAKE()
DEF,../adlint.c,444,7,V,I,B,N,val,int
DEP,../adlint.c,452,20,X,F,init_table,"void init_table(((Cell)[13])[],(int)[],(int)[],int,int)",R,HNUM,int HNUM()
DEP,../adlint.c,452,20,X,F,init_table,"void init_table(((Cell)[13])[],(int)[],(int)[],int,int)",R,HNUM,int HNUM()
MET,FN_UNUV,init_table,"void init_table(((Cell)[13])[],(int)[],(int)[],int,int)",../adlint.c,439,6,1
MET,FN_PATH,init_table,"void init_table(((Cell)[13])[],(int)[],(int)[],int,int)",../adlint.c,439,6,8
DEF,../adlint.c,463,6,F,X,F,create_stock,"void create_stock((int)[],int,(int)[],(int)[],int)",17
DEF,../adlint.c,463,23,V,I,P,N,st,(int)[]
DEF,../adlint.c,463,33,V,I,P,N,sn,int
DEF,../adlint.c,463,41,V,I,P,N,hd,(int)[]
DEF,../adlint.c,463,51,V,I,P,N,ud,(int)[]
DEF,../adlint.c,463,61,V,I,P,N,us,int
DEF,../adlint.c,465,7,V,I,B,N,i,int
DEF,../adlint.c,465,10,V,I,B,N,j,int
DEF,../adlint.c,465,13,V,I,B,N,k,int
DEF,../adlint.c,466,7,V,I,B,N,s,int
DEP,../adlint.c,468,20,X,F,create_stock,"void create_stock((int)[],int,(int)[],(int)[],int)",R,CNUM,int CNUM()
DEP,../adlint.c,468,20,X,F,create_stock,"void create_stock((int)[],int,(int)[],(int)[],int)",R,CNUM,int CNUM()
DEP,../adlint.c,469,20,X,F,create_stock,"void create_stock((int)[],int,(int)[],(int)[],int)",R,HNUM,int HNUM()
DEP,../adlint.c,469,20,X,F,create_stock,"void create_stock((int)[],int,(int)[],(int)[],int)",R,HNUM,int HNUM()
DEP,../adlint.c,474,25,X,F,create_stock,"void create_stock((int)[],int,(int)[],(int)[],int)",R,CNUM,int CNUM()
DEP,../adlint.c,474,25,X,F,create_stock,"void create_stock((int)[],int,(int)[],(int)[],int)",R,CNUM,int CNUM()
MET,FN_UNUV,create_stock,"void create_stock((int)[],int,(int)[],(int)[],int)",../adlint.c,463,6,0
MET,FN_PATH,create_stock,"void create_stock((int)[],int,(int)[],(int)[],int)",../adlint.c,463,6,8
DEF,../adlint.c,489,6,F,X,F,output_table,void output_table(((Cell)[13])[]),13
DEF,../adlint.c,489,24,V,I,P,N,table,((Cell)[13])[]
DEF,../adlint.c,491,7,V,I,B,N,k1,int
DEF,../adlint.c,491,11,V,I,B,N,k2,int
DCL,../adlint.c,494,7,F,X,F,I,printf,int printf()
DEP,../adlint.c,494,7,X,F,output_table,void output_table(((Cell)[13])[]),R,printf,int printf()
DEP,../adlint.c,494,13,C,output_table,void output_table(((Cell)[13])[]),printf,int printf()
DEP,../adlint.c,496,7,X,F,output_table,void output_table(((Cell)[13])[]),R,printf,int printf()
DEP,../adlint.c,496,13,C,output_table,void output_table(((Cell)[13])[]),printf,int printf()
DEP,../adlint.c,497,7,X,F,output_table,void output_table(((Cell)[13])[]),R,printf,int printf()
DEP,../adlint.c,497,13,C,output_table,void output_table(((Cell)[13])[]),printf,int printf()
DCL,../adlint.c,499,5,F,X,F,I,puts,int puts()
DEP,../adlint.c,499,5,X,F,output_table,void output_table(((Cell)[13])[]),R,puts,int puts()
DEP,../adlint.c,499,9,C,output_table,void output_table(((Cell)[13])[]),puts,int puts()
MET,FN_UNUV,output_table,void output_table(((Cell)[13])[]),../adlint.c,489,6,0
MET,FN_PATH,output_table,void output_table(((Cell)[13])[]),../adlint.c,489,6,1
PRE,../adlint.c,10,1,#define,SUITE
PRE,../adlint.c,11,1,#define,NUMBER
DCL,../adlint.c,13,9,T,E,__adlint__anon_1,"enum __adlint__anon_1 { NONE, STOCK, HAND, NHAND }"
DCL,../adlint.c,13,41,T,T,Type,"enum __adlint__anon_1 { NONE, STOCK, HAND, NHAND }"
DCL,../adlint.c,15,9,T,S,__adlint__anon_2,struct __adlint__anon_2 { Type type; int val; double exp; }
DCL,../adlint.c,19,3,T,T,Cell,struct __adlint__anon_2 { Type type; int val; double exp; }
LIT,../adlint.c,28,32,DN,,,13
LIT,../adlint.c,29,29,DN,,,13
LIT,../adlint.c,30,31,DN,,,13
LIT,../adlint.c,31,30,DN,,,13
LIT,../adlint.c,32,34,DN,,,13
LIT,../adlint.c,33,32,DN,,,13
LIT,../adlint.c,34,33,DN,,,13
LIT,../adlint.c,36,34,DN,,,13
LIT,../adlint.c,37,30,DN,,,13
LIT,../adlint.c,38,29,DN,,,13
LIT,../adlint.c,41,30,DN,,,13
LIT,../adlint.c,45,32,DN,,,13
MET,FN_LINE,strategy,"int strategy((int const)[],(int const)[],int,int,(int const)[],int)",../adlint.c,75,5,14
MET,FN_PARA,strategy,"int strategy((int const)[],(int const)[],int,int,(int const)[],int)",../adlint.c,75,5,6
INI,../adlint.c,78,7,stock_num,CNUM - HNUM - us
LIT,../adlint.c,82,44,DN,,,1
MET,FN_STMT,strategy,"int strategy((int const)[],(int const)[],int,int,(int const)[],int)",../adlint.c,75,5,6
MET,FN_UNRC,strategy,"int strategy((int const)[],(int const)[],int,int,(int const)[],int)",../adlint.c,75,5,0
MET,FN_CSUB,strategy,"int strategy((int const)[],(int const)[],int,int,(int const)[],int)",../adlint.c,75,5,5
MET,FN_GOTO,strategy,"int strategy((int const)[],(int const)[],int,int,(int const)[],int)",../adlint.c,75,5,0
MET,FN_RETN,strategy,"int strategy((int const)[],(int const)[],int,int,(int const)[],int)",../adlint.c,75,5,2
MET,FN_UELS,strategy,"int strategy((int const)[],(int const)[],int,int,(int const)[],int)",../adlint.c,75,5,0
MET,FN_NEST,strategy,"int strategy((int const)[],(int const)[],int,int,(int const)[],int)",../adlint.c,75,5,1
MET,FN_CYCM,strategy,"int strategy((int const)[],(int const)[],int,int,(int const)[],int)",../adlint.c,75,5,2
MET,FN_LINE,strategy_main,"int strategy_main((int)[],(int)[],int,int,int)",../adlint.c,101,5,23
MET,FN_PARA,strategy_main,"int strategy_main((int)[],(int)[],int,int,int)",../adlint.c,101,5,5
LIT,../adlint.c,103,14,DN,,,4
LIT,../adlint.c,103,21,DN,,,13
LIT,../adlint.c,103,32,DN,,,0
INI,../adlint.c,103,8,table,{0}
ASN,../adlint.c,111,7,ave,"= ave_exp(table,hd)"
LIT,../adlint.c,113,14,DN,,,0
LIT,../adlint.c,113,25,FN,,,2.55
LIT,../adlint.c,113,42,DN,,,1
LIT,../adlint.c,114,14,DN,,,1
LIT,../adlint.c,114,25,FN,,,2.5
LIT,../adlint.c,114,41,DN,,,1
LIT,../adlint.c,115,14,DN,,,2
LIT,../adlint.c,115,25,FN,,,1.37
LIT,../adlint.c,115,39,DN,,,33
LIT,../adlint.c,115,54,DN,,,1
LIT,../adlint.c,116,14,DN,,,3
LIT,../adlint.c,116,25,FN,,,3.1
LIT,../adlint.c,116,39,DN,,,22
LIT,../adlint.c,116,54,DN,,,1
LIT,../adlint.c,117,14,DN,,,4
LIT,../adlint.c,117,25,FN,,,7.25
LIT,../adlint.c,117,39,DN,,,11
LIT,../adlint.c,117,54,DN,,,1
LIT,../adlint.c,118,14,DN,,,5
MET,FN_STMT,strategy_main,"int strategy_main((int)[],(int)[],int,int,int)",../adlint.c,101,5,18
MET,FN_UNRC,strategy_main,"int strategy_main((int)[],(int)[],int,int,int)",../adlint.c,101,5,0
MET,FN_CSUB,strategy_main,"int strategy_main((int)[],(int)[],int,int,int)",../adlint.c,101,5,6
MET,FN_GOTO,strategy_main,"int strategy_main((int)[],(int)[],int,int,int)",../adlint.c,101,5,0
MET,FN_RETN,strategy_main,"int strategy_main((int)[],(int)[],int,int,int)",../adlint.c,101,5,7
MET,FN_UELS,strategy_main,"int strategy_main((int)[],(int)[],int,int,int)",../adlint.c,101,5,0
MET,FN_NEST,strategy_main,"int strategy_main((int)[],(int)[],int,int,int)",../adlint.c,101,5,1
MET,FN_CYCM,strategy_main,"int strategy_main((int)[],(int)[],int,int,int)",../adlint.c,101,5,8
MET,FN_LINE,final_final_attack,"int final_final_attack((int)[],(int)[],int)",../adlint.c,128,5,39
MET,FN_PARA,final_final_attack,"int final_final_attack((int)[],(int)[],int)",../adlint.c,128,5,3
LIT,../adlint.c,133,13,DN,,,0
INI,../adlint.c,133,7,max,0
ASN,../adlint.c,136,11,k,= 0
LIT,../adlint.c,136,13,DN,,,0
ASN,../adlint.c,136,43,st[k + sn],= hd[k]
ASN,../adlint.c,137,6,sn,+= HNUM
ASN,../adlint.c,139,12,k1,= 0
LIT,../adlint.c,139,14,DN,,,0
LIT,../adlint.c,139,25,DN,,,4
ASN,../adlint.c,140,12,thd[0],= st[k1]
LIT,../adlint.c,140,9,DN,,,0
ASN,../adlint.c,141,14,k2,= k1 + 1
LIT,../adlint.c,141,19,DN,,,1
LIT,../adlint.c,141,30,DN,,,3
ASN,../adlint.c,142,14,thd[1],= st[k2]
LIT,../adlint.c,142,11,DN,,,1
ASN,../adlint.c,143,16,k3,= k2 + 1
LIT,../adlint.c,143,21,DN,,,1
LIT,../adlint.c,143,32,DN,,,2
ASN,../adlint.c,144,16,thd[2],= st[k3]
LIT,../adlint.c,144,13,DN,,,2
ASN,../adlint.c,145,18,k4,= k3 + 1
LIT,../adlint.c,145,23,DN,,,1
LIT,../adlint.c,145,34,DN,,,1
ASN,../adlint.c,146,18,thd[3],= st[k4]
LIT,../adlint.c,146,15,DN,,,3
ASN,../adlint.c,147,20,k5,= k4 + 1
LIT,../adlint.c,147,25,DN,,,1
ASN,../adlint.c,148,20,thd[4],= st[k5]
LIT,../adlint.c,148,17,DN,,,4
ASN,../adlint.c,149,15,t,= poker_point(thd)
ASN,../adlint.c,150,34,max,= t
ASN,../adlint.c,157,12,k1,= 0
LIT,../adlint.c,157,14,DN,,,0
LIT,../adlint.c,158,16,DN,,,0
INI,../adlint.c,158,9,flag,0
ASN,../adlint.c,159,14,k2,= 0
LIT,../adlint.c,159,16,DN,,,0
ASN,../adlint.c,160,39,flag,= 1
LIT,../adlint.c,160,41,DN,,,1
LIT,../adlint.c,162,18,DN,,,0
LIT,../adlint.c,165,11,DN,,,1
MET,FN_STMT,final_final_attack,"int final_final_attack((int)[],(int)[],int)",../adlint.c,128,5,40
MET,FN_UNRC,final_final_attack,"int final_final_attack((int)[],(int)[],int)",../adlint.c,128,5,0
MET,FN_CSUB,final_final_attack,"int final_final_attack((int)[],(int)[],int)",../adlint.c,128,5,2
MET,FN_GOTO,final_final_attack,"int final_final_attack((int)[],(int)[],int)",../adlint.c,128,5,0
MET,FN_RETN,final_final_attack,"int final_final_attack((int)[],(int)[],int)",../adlint.c,128,5,2
MET,FN_UELS,final_final_attack,"int final_final_attack((int)[],(int)[],int)",../adlint.c,128,5,0
MET,FN_NEST,final_final_attack,"int final_final_attack((int)[],(int)[],int)",../adlint.c,128,5,6
MET,FN_CYCM,final_final_attack,"int final_final_attack((int)[],(int)[],int)",../adlint.c,128,5,4
MET,FN_LINE,final_attack,"void final_attack(((Cell)[13])[],(int)[],(int)[],int)",../adlint.c,171,6,15
MET,FN_PARA,final_attack,"void final_attack(((Cell)[13])[],(int)[],(int)[],int)",../adlint.c,171,6,4
LIT,../adlint.c,171,32,DN,,,13
INI,../adlint.c,174,10,min,INT_MAX
LIT,../adlint.c,175,14,DN,,,1
INI,../adlint.c,175,7,sub,-1
LIT,../adlint.c,176,12,DN,,,4
LIT,../adlint.c,176,19,DN,,,13
LIT,../adlint.c,176,30,DN,,,0
INI,../adlint.c,176,8,tmp,{0}
LIT,../adlint.c,178,32,DN,,,1
ASN,../adlint.c,180,12,k1,= 0
LIT,../adlint.c,180,14,DN,,,0
LIT,../adlint.c,180,22,DN,,,4
ASN,../adlint.c,181,14,k2,= 0
LIT,../adlint.c,181,16,DN,,,0
LIT,../adlint.c,181,24,DN,,,13
ASN,../adlint.c,182,25,table[k1][k2].exp,+= tmp[k1][k2].exp
MET,FN_STMT,final_attack,"void final_attack(((Cell)[13])[],(int)[],(int)[],int)",../adlint.c,171,6,9
MET,FN_UNRC,final_attack,"void final_attack(((Cell)[13])[],(int)[],(int)[],int)",../adlint.c,171,6,0
MET,FN_CSUB,final_attack,"void final_attack(((Cell)[13])[],(int)[],(int)[],int)",../adlint.c,171,6,2
MET,FN_GOTO,final_attack,"void final_attack(((Cell)[13])[],(int)[],(int)[],int)",../adlint.c,171,6,0
MET,FN_RETN,final_attack,"void final_attack(((Cell)[13])[],(int)[],(int)[],int)",../adlint.c,171,6,1
MET,FN_UELS,final_attack,"void final_attack(((Cell)[13])[],(int)[],(int)[],int)",../adlint.c,171,6,0
MET,FN_NEST,final_attack,"void final_attack(((Cell)[13])[],(int)[],(int)[],int)",../adlint.c,171,6,2
MET,FN_CYCM,final_attack,"void final_attack(((Cell)[13])[],(int)[],(int)[],int)",../adlint.c,171,6,1
MET,FN_LINE,exp_table,"void exp_table(((Cell)[13])[],(int)[],int)",../adlint.c,190,6,14
MET,FN_PARA,exp_table,"void exp_table(((Cell)[13])[],(int)[],int)",../adlint.c,190,6,3
LIT,../adlint.c,190,29,DN,,,13
ASN,../adlint.c,195,11,k,= 0
LIT,../adlint.c,195,13,DN,,,0
ASN,../adlint.c,196,9,sut,= hd[k] / 13
LIT,../adlint.c,196,17,DN,,,13
ASN,../adlint.c,196,29,num,= hd[k] % 13
LIT,../adlint.c,196,37,DN,,,13
ASN,../adlint.c,197,25,table[sut][num].exp,"+= exp_flush(table,sut,num,sn)"
ASN,../adlint.c,198,25,table[sut][num].exp,"+= exp_pair(table,sut,num,sn)"
ASN,../adlint.c,199,25,table[sut][num].exp,"+= exp_straight(table,sut,num,sn)"
ASN,../adlint.c,200,25,table[sut][num].exp,"+= exp_sflush(table,sut,num,sn)"
ASN,../adlint.c,201,25,table[sut][num].exp,"+= exp_rsflush(table,sut,num,sn)"
MET,FN_STMT,exp_table,"void exp_table(((Cell)[13])[],(int)[],int)",../adlint.c,190,6,10
MET,FN_UNRC,exp_table,"void exp_table(((Cell)[13])[],(int)[],int)",../adlint.c,190,6,0
MET,FN_CSUB,exp_table,"void exp_table(((Cell)[13])[],(int)[],int)",../adlint.c,190,6,5
MET,FN_GOTO,exp_table,"void exp_table(((Cell)[13])[],(int)[],int)",../adlint.c,190,6,0
MET,FN_RETN,exp_table,"void exp_table(((Cell)[13])[],(int)[],int)",../adlint.c,190,6,1
MET,FN_UELS,exp_table,"void exp_table(((Cell)[13])[],(int)[],int)",../adlint.c,190,6,0
MET,FN_NEST,exp_table,"void exp_table(((Cell)[13])[],(int)[],int)",../adlint.c,190,6,1
MET,FN_CYCM,exp_table,"void exp_table(((Cell)[13])[],(int)[],int)",../adlint.c,190,6,1
MET,FN_LINE,exp_flush,"double exp_flush(((Cell)[13])[],int,int,int)",../adlint.c,208,8,22
MET,FN_PARA,exp_flush,"double exp_flush(((Cell)[13])[],int,int,int)",../adlint.c,208,8,4
LIT,../adlint.c,208,31,DN,,,13
LIT,../adlint.c,211,13,DN,,,0
INI,../adlint.c,211,7,val,0
LIT,../adlint.c,212,17,DN,,,1
INI,../adlint.c,212,10,base,1
LIT,../adlint.c,213,13,DN,,,0
INI,../adlint.c,213,7,cnt,0
INI,../adlint.c,214,7,flush_num,HNUM
ASN,../adlint.c,216,11,k,= 0
LIT,../adlint.c,216,13,DN,,,0
LIT,../adlint.c,216,20,DN,,,13
ASN,../adlint.c,219,16,val,+= table[sut][k].val
ASN,../adlint.c,223,11,k,= flush_num - cnt
LIT,../adlint.c,223,32,DN,,,0
ASN,../adlint.c,224,10,base,*= (double) val / sn
MET,FN_STMT,exp_flush,"double exp_flush(((Cell)[13])[],int,int,int)",../adlint.c,208,8,14
MET,FN_UNRC,exp_flush,"double exp_flush(((Cell)[13])[],int,int,int)",../adlint.c,208,8,0
MET,FN_CSUB,exp_flush,"double exp_flush(((Cell)[13])[],int,int,int)",../adlint.c,208,8,0
MET,FN_GOTO,exp_flush,"double exp_flush(((Cell)[13])[],int,int,int)",../adlint.c,208,8,0
MET,FN_RETN,exp_flush,"double exp_flush(((Cell)[13])[],int,int,int)",../adlint.c,208,8,1
MET,FN_UELS,exp_flush,"double exp_flush(((Cell)[13])[],int,int,int)",../adlint.c,208,8,0
MET,FN_NEST,exp_flush,"double exp_flush(((Cell)[13])[],int,int,int)",../adlint.c,208,8,2
MET,FN_CYCM,exp_flush,"double exp_flush(((Cell)[13])[],int,int,int)",../adlint.c,208,8,3
MET,FN_LINE,exp_pair,"double exp_pair(((Cell)[13])[],int,int,int)",../adlint.c,234,8,24
MET,FN_PARA,exp_pair,"double exp_pair(((Cell)[13])[],int,int,int)",../adlint.c,234,8,4
LIT,../adlint.c,234,30,DN,,,13
LIT,../adlint.c,237,13,DN,,,0
INI,../adlint.c,237,7,val,0
LIT,../adlint.c,238,17,DN,,,1
INI,../adlint.c,238,10,base,1
LIT,../adlint.c,239,16,DN,,,0
INI,../adlint.c,239,10,exp,0
LIT,../adlint.c,240,13,DN,,,0
INI,../adlint.c,240,7,cnt,0
INI,../adlint.c,241,7,point,"{P0,P1,P3,P7}"
LIT,../adlint.c,242,19,DN,,,4
INI,../adlint.c,242,7,point_num,4
ASN,../adlint.c,244,11,k,= 0
LIT,../adlint.c,244,13,DN,,,0
LIT,../adlint.c,244,20,DN,,,4
ASN,../adlint.c,247,16,val,+= table[k][num].val
ASN,../adlint.c,251,11,k,= 0
LIT,../adlint.c,251,13,DN,,,0
ASN,../adlint.c,252,28,base,*= (double) val / sn
ASN,../adlint.c,253,9,exp,+= base * point[k]
MET,FN_STMT,exp_pair,"double exp_pair(((Cell)[13])[],int,int,int)",../adlint.c,234,8,16
MET,FN_UNRC,exp_pair,"double exp_pair(((Cell)[13])[],int,int,int)",../adlint.c,234,8,0
MET,FN_CSUB,exp_pair,"double exp_pair(((Cell)[13])[],int,int,int)",../adlint.c,234,8,0
MET,FN_GOTO,exp_pair,"double exp_pair(((Cell)[13])[],int,int,int)",../adlint.c,234,8,0
MET,FN_RETN,exp_pair,"double exp_pair(((Cell)[13])[],int,int,int)",../adlint.c,234,8,1
MET,FN_UELS,exp_pair,"double exp_pair(((Cell)[13])[],int,int,int)",../adlint.c,234,8,0
MET,FN_NEST,exp_pair,"double exp_pair(((Cell)[13])[],int,int,int)",../adlint.c,234,8,2
MET,FN_CYCM,exp_pair,"double exp_pair(((Cell)[13])[],int,int,int)",../adlint.c,234,8,4
MET,FN_LINE,exp_straight,"double exp_straight(((Cell)[13])[],int,int,int)",../adlint.c,262,8,36
MET,FN_PARA,exp_straight,"double exp_straight(((Cell)[13])[],int,int,int)",../adlint.c,262,8,4
LIT,../adlint.c,262,34,DN,,,13
LIT,../adlint.c,265,16,DN,,,0
INI,../adlint.c,265,10,exp,0
LIT,../adlint.c,266,13,DN,,,0
INI,../adlint.c,266,7,cnt,0
INI,../adlint.c,267,7,s_num,HNUM
ASN,../adlint.c,271,11,k,= 0
LIT,../adlint.c,271,13,DN,,,0
LIT,../adlint.c,271,20,DN,,,4
LIT,../adlint.c,274,14,DN,,,1
LIT,../adlint.c,274,27,DN,,,0
ASN,../adlint.c,277,5,s,= (num - s_num + 1 < 0) ? 0 : num - s_num + 1
LIT,../adlint.c,277,18,DN,,,1
LIT,../adlint.c,277,22,DN,,,0
LIT,../adlint.c,277,27,DN,,,0
LIT,../adlint.c,277,41,DN,,,1
ASN,../adlint.c,278,5,e,= (num + s_num - 1 > 13) ? 13 : num + s_num - 1
LIT,../adlint.c,278,18,DN,,,1
LIT,../adlint.c,278,22,DN,,,13
LIT,../adlint.c,278,32,DN,,,13
LIT,../adlint.c,278,51,DN,,,1
ASN,../adlint.c,280,12,k1,= s
INI,../adlint.c,281,9,i,k1
LIT,../adlint.c,282,18,DN,,,1
INI,../adlint.c,282,12,tmp,1
LIT,../adlint.c,284,17,DN,,,0
INI,../adlint.c,284,11,val,0
ASN,../adlint.c,285,16,k2,= 0
LIT,../adlint.c,285,18,DN,,,0
LIT,../adlint.c,285,26,DN,,,4
LIT,../adlint.c,286,26,DN,,,13
ASN,../adlint.c,286,55,val,= sn
LIT,../adlint.c,287,31,DN,,,13
ASN,../adlint.c,287,61,val,= sn
ASN,../adlint.c,288,20,val,+= table[k2][i % 13].val
LIT,../adlint.c,288,35,DN,,,13
ASN,../adlint.c,290,11,tmp,*= (double) val / sn
ASN,../adlint.c,293,9,exp,+= tmp * P4
MET,FN_STMT,exp_straight,"double exp_straight(((Cell)[13])[],int,int,int)",../adlint.c,262,8,27
MET,FN_UNRC,exp_straight,"double exp_straight(((Cell)[13])[],int,int,int)",../adlint.c,262,8,0
MET,FN_CSUB,exp_straight,"double exp_straight(((Cell)[13])[],int,int,int)",../adlint.c,262,8,0
MET,FN_GOTO,exp_straight,"double exp_straight(((Cell)[13])[],int,int,int)",../adlint.c,262,8,0
MET,FN_RETN,exp_straight,"double exp_straight(((Cell)[13])[],int,int,int)",../adlint.c,262,8,2
MET,FN_UELS,exp_straight,"double exp_straight(((Cell)[13])[],int,int,int)",../adlint.c,262,8,0
MET,FN_NEST,exp_straight,"double exp_straight(((Cell)[13])[],int,int,int)",../adlint.c,262,8,4
MET,FN_CYCM,exp_straight,"double exp_straight(((Cell)[13])[],int,int,int)",../adlint.c,262,8,5
MET,FN_LINE,exp_sflush,"double exp_sflush(((Cell)[13])[],int,int,int)",../adlint.c,302,8,33
MET,FN_PARA,exp_sflush,"double exp_sflush(((Cell)[13])[],int,int,int)",../adlint.c,302,8,4
LIT,../adlint.c,302,32,DN,,,13
LIT,../adlint.c,305,16,DN,,,0
INI,../adlint.c,305,10,exp,0
INI,../adlint.c,306,7,s_num,HNUM
ASN,../adlint.c,310,5,s,= (num - s_num + 1 < 0) ? 0 : num - s_num + 1
LIT,../adlint.c,310,18,DN,,,1
LIT,../adlint.c,310,22,DN,,,0
LIT,../adlint.c,310,27,DN,,,0
LIT,../adlint.c,310,41,DN,,,1
ASN,../adlint.c,311,5,e,= (num + s_num - 1 > 13) ? 13 : num + s_num - 1
LIT,../adlint.c,311,18,DN,,,1
LIT,../adlint.c,311,22,DN,,,13
LIT,../adlint.c,311,32,DN,,,13
LIT,../adlint.c,311,51,DN,,,1
ASN,../adlint.c,313,12,k1,= s
INI,../adlint.c,314,9,i,k1
LIT,../adlint.c,315,19,DN,,,1
INI,../adlint.c,315,12,base,1
LIT,../adlint.c,316,15,DN,,,0
INI,../adlint.c,316,9,val,0
LIT,../adlint.c,317,15,DN,,,0
INI,../adlint.c,317,9,cnt,0
LIT,../adlint.c,319,25,DN,,,13
LIT,../adlint.c,320,30,DN,,,13
ASN,../adlint.c,321,18,val,+= table[sut][i % 13].val
LIT,../adlint.c,321,34,DN,,,13
ASN,../adlint.c,326,14,k2,= s_num - cnt
LIT,../adlint.c,326,32,DN,,,0
ASN,../adlint.c,327,12,base,*= (double) val / sn
ASN,../adlint.c,330,9,exp,+= base * P8
MET,FN_STMT,exp_sflush,"double exp_sflush(((Cell)[13])[],int,int,int)",../adlint.c,302,8,19
MET,FN_UNRC,exp_sflush,"double exp_sflush(((Cell)[13])[],int,int,int)",../adlint.c,302,8,0
MET,FN_CSUB,exp_sflush,"double exp_sflush(((Cell)[13])[],int,int,int)",../adlint.c,302,8,0
MET,FN_GOTO,exp_sflush,"double exp_sflush(((Cell)[13])[],int,int,int)",../adlint.c,302,8,0
MET,FN_RETN,exp_sflush,"double exp_sflush(((Cell)[13])[],int,int,int)",../adlint.c,302,8,1
MET,FN_UELS,exp_sflush,"double exp_sflush(((Cell)[13])[],int,int,int)",../adlint.c,302,8,0
MET,FN_NEST,exp_sflush,"double exp_sflush(((Cell)[13])[],int,int,int)",../adlint.c,302,8,3
MET,FN_CYCM,exp_sflush,"double exp_sflush(((Cell)[13])[],int,int,int)",../adlint.c,302,8,3
MET,FN_LINE,exp_rsflush,"double exp_rsflush(((Cell)[13])[],int,int,int)",../adlint.c,339,8,25
MET,FN_PARA,exp_rsflush,"double exp_rsflush(((Cell)[13])[],int,int,int)",../adlint.c,339,8,4
LIT,../adlint.c,339,33,DN,,,13
INI,../adlint.c,342,7,s_num,HNUM
LIT,../adlint.c,343,17,DN,,,1
INI,../adlint.c,343,10,base,1
LIT,../adlint.c,344,13,DN,,,0
INI,../adlint.c,344,7,val,0
LIT,../adlint.c,345,13,DN,,,0
INI,../adlint.c,345,7,cnt,0
LIT,../adlint.c,348,14,DN,,,9
LIT,../adlint.c,348,26,DN,,,0
LIT,../adlint.c,348,39,DN,,,0
ASN,../adlint.c,350,11,k,= 9
LIT,../adlint.c,350,13,DN,,,9
LIT,../adlint.c,350,21,DN,,,13
LIT,../adlint.c,351,23,DN,,,13
LIT,../adlint.c,352,28,DN,,,13
ASN,../adlint.c,353,16,val,+= table[sut][k % 13].val
LIT,../adlint.c,353,32,DN,,,13
ASN,../adlint.c,357,11,k,= s_num - cnt
LIT,../adlint.c,357,28,DN,,,0
ASN,../adlint.c,358,10,base,*= (double) val / sn
MET,FN_STMT,exp_rsflush,"double exp_rsflush(((Cell)[13])[],int,int,int)",../adlint.c,339,8,16
MET,FN_UNRC,exp_rsflush,"double exp_rsflush(((Cell)[13])[],int,int,int)",../adlint.c,339,8,0
MET,FN_CSUB,exp_rsflush,"double exp_rsflush(((Cell)[13])[],int,int,int)",../adlint.c,339,8,0
MET,FN_GOTO,exp_rsflush,"double exp_rsflush(((Cell)[13])[],int,int,int)",../adlint.c,339,8,0
MET,FN_RETN,exp_rsflush,"double exp_rsflush(((Cell)[13])[],int,int,int)",../adlint.c,339,8,2
MET,FN_UELS,exp_rsflush,"double exp_rsflush(((Cell)[13])[],int,int,int)",../adlint.c,339,8,0
MET,FN_NEST,exp_rsflush,"double exp_rsflush(((Cell)[13])[],int,int,int)",../adlint.c,339,8,2
MET,FN_CYCM,exp_rsflush,"double exp_rsflush(((Cell)[13])[],int,int,int)",../adlint.c,339,8,4
MET,FN_LINE,simulate_table,"void simulate_table(((Cell)[13])[],(int)[],(int)[],int,int)",../adlint.c,368,6,26
MET,FN_PARA,simulate_table,"void simulate_table(((Cell)[13])[],(int)[],(int)[],int,int)",../adlint.c,368,6,5
LIT,../adlint.c,368,34,DN,,,13
LIT,../adlint.c,372,14,DN,,,1
LIT,../adlint.c,372,25,DN,,,5
ASN,../adlint.c,374,12,k1,= 0
LIT,../adlint.c,374,14,DN,,,0
INI,../adlint.c,375,9,t,hd[k1]
LIT,../adlint.c,376,18,DN,,,0
INI,../adlint.c,376,12,exp,0
ASN,../adlint.c,377,14,k2,= 0
LIT,../adlint.c,377,16,DN,,,0
LIT,../adlint.c,378,16,DN,,,4
LIT,../adlint.c,378,23,DN,,,13
LIT,../adlint.c,378,34,DN,,,0
INI,../adlint.c,378,12,tmp,{0}
ASN,../adlint.c,380,14,hd[k1],= st[k2]
LIT,../adlint.c,381,20,DN,,,0
LIT,../adlint.c,382,31,DN,,,1
LIT,../adlint.c,382,38,DN,,,1
LIT,../adlint.c,382,42,DN,,,1
LIT,../adlint.c,383,29,DN,,,1
LIT,../adlint.c,385,35,DN,,,1
LIT,../adlint.c,385,42,DN,,,1
LIT,../adlint.c,385,48,DN,,,1
ASN,../adlint.c,386,11,exp,"+= ave_exp(tmp,hd)"
LIT,../adlint.c,388,24,DN,,,0
ASN,../adlint.c,390,12,hd[k1],= t
ASN,../adlint.c,391,35,table[t / 13][t % 13].exp,-= exp / (sn - 1)
LIT,../adlint.c,391,13,DN,,,13
LIT,../adlint.c,391,23,DN,,,13
LIT,../adlint.c,391,48,DN,,,1
MET,FN_STMT,simulate_table,"void simulate_table(((Cell)[13])[],(int)[],(int)[],int,int)",../adlint.c,368,6,17
MET,FN_UNRC,simulate_table,"void simulate_table(((Cell)[13])[],(int)[],(int)[],int,int)",../adlint.c,368,6,0
MET,FN_CSUB,simulate_table,"void simulate_table(((Cell)[13])[],(int)[],(int)[],int,int)",../adlint.c,368,6,6
MET,FN_GOTO,simulate_table,"void simulate_table(((Cell)[13])[],(int)[],(int)[],int,int)",../adlint.c,368,6,0
MET,FN_RETN,simulate_table,"void simulate_table(((Cell)[13])[],(int)[],(int)[],int,int)",../adlint.c,368,6,2
MET,FN_UELS,simulate_table,"void simulate_table(((Cell)[13])[],(int)[],(int)[],int,int)",../adlint.c,368,6,0
MET,FN_NEST,simulate_table,"void simulate_table(((Cell)[13])[],(int)[],(int)[],int,int)",../adlint.c,368,6,2
MET,FN_CYCM,simulate_table,"void simulate_table(((Cell)[13])[],(int)[],(int)[],int,int)",../adlint.c,368,6,2
MET,FN_LINE,decide_hand,"int decide_hand(((Cell)[13])[],(int)[])",../adlint.c,398,5,17
MET,FN_PARA,decide_hand,"int decide_hand(((Cell)[13])[],(int)[])",../adlint.c,398,5,2
LIT,../adlint.c,398,30,DN,,,13
LIT,../adlint.c,402,14,DN,,,1
INI,../adlint.c,402,7,sub,-1
INI,../adlint.c,403,10,min_exp,INT_MAX
ASN,../adlint.c,405,11,k,= 0
LIT,../adlint.c,405,13,DN,,,0
ASN,../adlint.c,406,9,sut,= hd[k] / 13
LIT,../adlint.c,406,19,DN,,,13
ASN,../adlint.c,407,9,num,= hd[k] % 13
LIT,../adlint.c,407,19,DN,,,13
ASN,../adlint.c,409,15,min_exp,= table[sut][num].exp
ASN,../adlint.c,410,11,sub,= k
MET,FN_STMT,decide_hand,"int decide_hand(((Cell)[13])[],(int)[])",../adlint.c,398,5,9
MET,FN_UNRC,decide_hand,"int decide_hand(((Cell)[13])[],(int)[])",../adlint.c,398,5,0
MET,FN_CSUB,decide_hand,"int decide_hand(((Cell)[13])[],(int)[])",../adlint.c,398,5,0
MET,FN_GOTO,decide_hand,"int decide_hand(((Cell)[13])[],(int)[])",../adlint.c,398,5,0
MET,FN_RETN,decide_hand,"int decide_hand(((Cell)[13])[],(int)[])",../adlint.c,398,5,1
MET,FN_UELS,decide_hand,"int decide_hand(((Cell)[13])[],(int)[])",../adlint.c,398,5,0
MET,FN_NEST,decide_hand,"int decide_hand(((Cell)[13])[],(int)[])",../adlint.c,398,5,2
MET,FN_CYCM,decide_hand,"int decide_hand(((Cell)[13])[],(int)[])",../adlint.c,398,5,2
MET,FN_LINE,ave_exp,"double ave_exp(((Cell)[13])[],(int)[])",../adlint.c,419,8,12
MET,FN_PARA,ave_exp,"double ave_exp(((Cell)[13])[],(int)[])",../adlint.c,419,8,2
LIT,../adlint.c,419,29,DN,,,13
LIT,../adlint.c,422,16,DN,,,0
INI,../adlint.c,422,10,exp,0
ASN,../adlint.c,424,11,k,= 0
LIT,../adlint.c,424,13,DN,,,0
ASN,../adlint.c,425,9,sut,= hd[k] / 13
LIT,../adlint.c,425,19,DN,,,13
ASN,../adlint.c,426,9,num,= hd[k] % 13
LIT,../adlint.c,426,19,DN,,,13
ASN,../adlint.c,427,9,exp,+= table[sut][num].exp
MET,FN_STMT,ave_exp,"double ave_exp(((Cell)[13])[],(int)[])",../adlint.c,419,8,7
MET,FN_UNRC,ave_exp,"double ave_exp(((Cell)[13])[],(int)[])",../adlint.c,419,8,0
MET,FN_CSUB,ave_exp,"double ave_exp(((Cell)[13])[],(int)[])",../adlint.c,419,8,0
MET,FN_GOTO,ave_exp,"double ave_exp(((Cell)[13])[],(int)[])",../adlint.c,419,8,0
MET,FN_RETN,ave_exp,"double ave_exp(((Cell)[13])[],(int)[])",../adlint.c,419,8,1
MET,FN_UELS,ave_exp,"double ave_exp(((Cell)[13])[],(int)[])",../adlint.c,419,8,0
MET,FN_NEST,ave_exp,"double ave_exp(((Cell)[13])[],(int)[])",../adlint.c,419,8,1
MET,FN_CYCM,ave_exp,"double ave_exp(((Cell)[13])[],(int)[])",../adlint.c,419,8,1
MET,FN_LINE,init_table,"void init_table(((Cell)[13])[],(int)[],(int)[],int,int)",../adlint.c,439,6,20
MET,FN_PARA,init_table,"void init_table(((Cell)[13])[],(int)[],(int)[],int,int)",../adlint.c,439,6,5
LIT,../adlint.c,439,30,DN,,,13
LIT,../adlint.c,443,26,DN,,,1
INI,../adlint.c,443,7,type,(tk == TAKE - 1) ? NHAND : STOCK
LIT,../adlint.c,444,25,DN,,,1
LIT,../adlint.c,444,35,DN,,,1
INI,../adlint.c,444,7,val,(tk == TAKE - 1) ? sn : 1
ASN,../adlint.c,446,11,k,= 0
LIT,../adlint.c,446,13,DN,,,0
ASN,../adlint.c,447,9,sut,= st[k] / 13
LIT,../adlint.c,447,19,DN,,,13
ASN,../adlint.c,448,9,num,= st[k] % 13
LIT,../adlint.c,448,19,DN,,,13
ASN,../adlint.c,449,26,table[sut][num].type,= type
ASN,../adlint.c,450,25,table[sut][num].val,= val
ASN,../adlint.c,452,11,k,= 0
LIT,../adlint.c,452,13,DN,,,0
ASN,../adlint.c,453,9,sut,= hd[k] / 13
LIT,../adlint.c,453,19,DN,,,13
ASN,../adlint.c,454,9,num,= hd[k] % 13
LIT,../adlint.c,454,19,DN,,,13
ASN,../adlint.c,455,26,table[sut][num].type,= HAND
ASN,../adlint.c,456,25,table[sut][num].val,= sn
MET,FN_STMT,init_table,"void init_table(((Cell)[13])[],(int)[],(int)[],int,int)",../adlint.c,439,6,14
MET,FN_UNRC,init_table,"void init_table(((Cell)[13])[],(int)[],(int)[],int,int)",../adlint.c,439,6,0
MET,FN_CSUB,init_table,"void init_table(((Cell)[13])[],(int)[],(int)[],int,int)",../adlint.c,439,6,0
MET,FN_GOTO,init_table,"void init_table(((Cell)[13])[],(int)[],(int)[],int,int)",../adlint.c,439,6,0
MET,FN_RETN,init_table,"void init_table(((Cell)[13])[],(int)[],(int)[],int,int)",../adlint.c,439,6,1
MET,FN_UELS,init_table,"void init_table(((Cell)[13])[],(int)[],(int)[],int,int)",../adlint.c,439,6,0
MET,FN_NEST,init_table,"void init_table(((Cell)[13])[],(int)[],(int)[],int,int)",../adlint.c,439,6,1
MET,FN_CYCM,init_table,"void init_table(((Cell)[13])[],(int)[],(int)[],int,int)",../adlint.c,439,6,1
MET,FN_LINE,create_stock,"void create_stock((int)[],int,(int)[],(int)[],int)",../adlint.c,463,6,17
MET,FN_PARA,create_stock,"void create_stock((int)[],int,(int)[],(int)[],int)",../adlint.c,463,6,5
ASN,../adlint.c,468,11,k,= 0
LIT,../adlint.c,468,13,DN,,,0
ASN,../adlint.c,468,40,st[k],= k
ASN,../adlint.c,469,11,k,= 0
LIT,../adlint.c,469,13,DN,,,0
ASN,../adlint.c,469,36,s,= hd[k]
ASN,../adlint.c,469,51,st[s],= -1
LIT,../adlint.c,469,54,DN,,,1
ASN,../adlint.c,470,11,k,= 0
LIT,../adlint.c,470,13,DN,,,0
ASN,../adlint.c,470,34,s,= ud[k]
ASN,../adlint.c,470,49,st[s],= -1
LIT,../adlint.c,470,52,DN,,,1
ASN,../adlint.c,472,11,i,= 0
LIT,../adlint.c,472,13,DN,,,0
LIT,../adlint.c,473,20,DN,,,1
ASN,../adlint.c,474,15,j,= sn
LIT,../adlint.c,475,24,DN,,,1
MET,FN_STMT,create_stock,"void create_stock((int)[],int,(int)[],(int)[],int)",../adlint.c,463,6,24
MET,FN_UNRC,create_stock,"void create_stock((int)[],int,(int)[],(int)[],int)",../adlint.c,463,6,2
MET,FN_CSUB,create_stock,"void create_stock((int)[],int,(int)[],(int)[],int)",../adlint.c,463,6,1
MET,FN_GOTO,create_stock,"void create_stock((int)[],int,(int)[],(int)[],int)",../adlint.c,463,6,0
MET,FN_RETN,create_stock,"void create_stock((int)[],int,(int)[],(int)[],int)",../adlint.c,463,6,1
MET,FN_UELS,create_stock,"void create_stock((int)[],int,(int)[],(int)[],int)",../adlint.c,463,6,0
MET,FN_NEST,create_stock,"void create_stock((int)[],int,(int)[],(int)[],int)",../adlint.c,463,6,4
MET,FN_CYCM,create_stock,"void create_stock((int)[],int,(int)[],(int)[],int)",../adlint.c,463,6,3
MET,FN_LINE,output_table,void output_table(((Cell)[13])[]),../adlint.c,489,6,13
MET,FN_PARA,output_table,void output_table(((Cell)[13])[]),../adlint.c,489,6,1
LIT,../adlint.c,489,32,DN,,,13
ASN,../adlint.c,492,12,k1,= 0
LIT,../adlint.c,492,14,DN,,,0
LIT,../adlint.c,492,22,DN,,,4
ASN,../adlint.c,493,14,k2,= 0
LIT,../adlint.c,493,16,DN,,,0
LIT,../adlint.c,493,24,DN,,,13
LIT,../adlint.c,494,14,SN,,,"""%d"""
LIT,../adlint.c,496,14,SN,,,"""%6.3f"""
LIT,../adlint.c,497,14,SN,,,"""|"""
LIT,../adlint.c,499,10,SN,,,""""""
MET,FN_STMT,output_table,void output_table(((Cell)[13])[]),../adlint.c,489,6,10
MET,FN_UNRC,output_table,void output_table(((Cell)[13])[]),../adlint.c,489,6,0
MET,FN_CSUB,output_table,void output_table(((Cell)[13])[]),../adlint.c,489,6,4
MET,FN_GOTO,output_table,void output_table(((Cell)[13])[]),../adlint.c,489,6,0
MET,FN_RETN,output_table,void output_table(((Cell)[13])[]),../adlint.c,489,6,1
MET,FN_UELS,output_table,void output_table(((Cell)[13])[]),../adlint.c,489,6,0
MET,FN_NEST,output_table,void output_table(((Cell)[13])[]),../adlint.c,489,6,2
MET,FN_CYCM,output_table,void output_table(((Cell)[13])[]),../adlint.c,489,6,1
MET,FL_STMT,../adlint.c,256
MET,FL_FUNC,../adlint.c,16
