V,3.2.14,2016-08-03 15:59:24 +0900,/home/vagrant/wint/tmp/data/001/0001/001/analy/adlint/output
W,../adlint.c,1,1,c_builtin,W0511,UNC,X99,C++ コメント `//' が使われています。
W,../adlint.c,2,1,c_builtin,W0511,UNC,X99,C++ コメント `//' が使われています。
W,../adlint.c,2,1,c_builtin,W0576,UNC,X99,基本ソース文字集合に含まれない文字が、ソースファイル `../adlint.c' のコメントの中で使われています。
W,../adlint.c,3,1,c_builtin,W0511,UNC,X99,C++ コメント `//' が使われています。
W,../adlint.c,5,1,c_builtin,W0511,UNC,X99,C++ コメント `//' が使われています。
W,../adlint.c,6,1,c_builtin,W0511,UNC,X99,C++ コメント `//' が使われています。
W,../adlint.c,8,1,c_builtin,W0511,UNC,X99,C++ コメント `//' が使われています。
W,../adlint.c,21,1,c_builtin,W0511,UNC,X99,C++ コメント `//' が使われています。
W,../adlint.c,22,1,c_builtin,W0511,UNC,X99,C++ コメント `//' が使われています。
W,../adlint.c,22,1,c_builtin,W0576,UNC,X99,基本ソース文字集合に含まれない文字が、ソースファイル `../adlint.c' のコメントの中で使われています。
W,../adlint.c,23,1,c_builtin,W0511,UNC,X99,C++ コメント `//' が使われています。
W,../adlint.c,25,1,c_builtin,W0511,UNC,X99,C++ コメント `//' が使われています。
W,../adlint.c,25,1,c_builtin,W0576,UNC,X99,基本ソース文字集合に含まれない文字が、ソースファイル `../adlint.c' のコメントの中で使われています。
W,../adlint.c,40,1,c_builtin,W0511,UNC,X99,C++ コメント `//' が使われています。
W,../adlint.c,40,1,c_builtin,W0576,UNC,X99,基本ソース文字集合に含まれない文字が、ソースファイル `../adlint.c' のコメントの中で使われています。
W,../adlint.c,44,1,c_builtin,W0511,UNC,X99,C++ コメント `//' が使われています。
W,../adlint.c,44,1,c_builtin,W0576,UNC,X99,基本ソース文字集合に含まれない文字が、ソースファイル `../adlint.c' のコメントの中で使われています。
W,../adlint.c,47,1,c_builtin,W0511,UNC,X99,C++ コメント `//' が使われています。
W,../adlint.c,48,1,c_builtin,W0511,UNC,X99,C++ コメント `//' が使われています。
W,../adlint.c,49,1,c_builtin,W0511,UNC,X99,C++ コメント `//' が使われています。
W,../adlint.c,51,1,c_builtin,W0576,UNC,X99,基本ソース文字集合に含まれない文字が、ソースファイル `../adlint.c' のコメントの中で使われています。
W,../adlint.c,90,1,c_builtin,W0511,UNC,X99,C++ コメント `//' が使われています。
W,../adlint.c,91,1,c_builtin,W0511,UNC,X99,C++ コメント `//' が使われています。
W,../adlint.c,91,1,c_builtin,W0576,UNC,X99,基本ソース文字集合に含まれない文字が、ソースファイル `../adlint.c' のコメントの中で使われています。
W,../adlint.c,92,1,c_builtin,W0511,UNC,X99,C++ コメント `//' が使われています。
W,../adlint.c,94,1,c_builtin,W0511,UNC,X99,C++ コメント `//' が使われています。
W,../adlint.c,95,1,c_builtin,W0511,UNC,X99,C++ コメント `//' が使われています。
W,../adlint.c,96,1,c_builtin,W0511,UNC,X99,C++ コメント `//' が使われています。
W,../adlint.c,98,1,c_builtin,W0511,UNC,X99,C++ コメント `//' が使われています。
W,../adlint.c,99,1,c_builtin,W0511,UNC,X99,C++ コメント `//' が使われています。
W,../adlint.c,99,1,c_builtin,W0576,UNC,X99,基本ソース文字集合に含まれない文字が、ソースファイル `../adlint.c' のコメントの中で使われています。
W,../adlint.c,100,1,c_builtin,W0511,UNC,X99,C++ コメント `//' が使われています。
W,../adlint.c,120,3,c_builtin,W0511,UNC,X99,C++ コメント `//' が使われています。
W,../adlint.c,125,1,c_builtin,W0511,UNC,X99,C++ コメント `//' が使われています。
W,../adlint.c,126,1,c_builtin,W0511,UNC,X99,C++ コメント `//' が使われています。
W,../adlint.c,126,1,c_builtin,W0576,UNC,X99,基本ソース文字集合に含まれない文字が、ソースファイル `../adlint.c' のコメントの中で使われています。
W,../adlint.c,127,1,c_builtin,W0511,UNC,X99,C++ コメント `//' が使われています。
W,../adlint.c,168,1,c_builtin,W0511,UNC,X99,C++ コメント `//' が使われています。
W,../adlint.c,169,1,c_builtin,W0511,UNC,X99,C++ コメント `//' が使われています。
W,../adlint.c,170,1,c_builtin,W0511,UNC,X99,C++ コメント `//' が使われています。
W,../adlint.c,187,1,c_builtin,W0511,UNC,X99,C++ コメント `//' が使われています。
W,../adlint.c,188,1,c_builtin,W0511,UNC,X99,C++ コメント `//' が使われています。
W,../adlint.c,189,1,c_builtin,W0511,UNC,X99,C++ コメント `//' が使われています。
W,../adlint.c,205,1,c_builtin,W0511,UNC,X99,C++ コメント `//' が使われています。
W,../adlint.c,206,1,c_builtin,W0511,UNC,X99,C++ コメント `//' が使われています。
W,../adlint.c,207,1,c_builtin,W0511,UNC,X99,C++ コメント `//' が使われています。
W,../adlint.c,214,28,c_builtin,W0511,UNC,X99,C++ コメント `//' が使われています。
W,../adlint.c,214,28,c_builtin,W0576,UNC,X99,基本ソース文字集合に含まれない文字が、ソースファイル `../adlint.c' のコメントの中で使われています。
W,../adlint.c,222,3,c_builtin,W0511,UNC,X99,C++ コメント `//' が使われています。
W,../adlint.c,231,1,c_builtin,W0511,UNC,X99,C++ コメント `//' が使われています。
W,../adlint.c,232,1,c_builtin,W0511,UNC,X99,C++ コメント `//' が使われています。
W,../adlint.c,233,1,c_builtin,W0511,UNC,X99,C++ コメント `//' が使われています。
W,../adlint.c,250,3,c_builtin,W0511,UNC,X99,C++ コメント `//' が使われています。
W,../adlint.c,259,1,c_builtin,W0511,UNC,X99,C++ コメント `//' が使われています。
W,../adlint.c,260,1,c_builtin,W0511,UNC,X99,C++ コメント `//' が使われています。
W,../adlint.c,261,1,c_builtin,W0511,UNC,X99,C++ コメント `//' が使われています。
W,../adlint.c,267,24,c_builtin,W0511,UNC,X99,C++ コメント `//' が使われています。
W,../adlint.c,270,3,c_builtin,W0511,UNC,X99,C++ コメント `//' が使われています。
W,../adlint.c,270,3,c_builtin,W0576,UNC,X99,基本ソース文字集合に含まれない文字が、ソースファイル `../adlint.c' のコメントの中で使われています。
W,../adlint.c,276,3,c_builtin,W0511,UNC,X99,C++ コメント `//' が使われています。
W,../adlint.c,276,3,c_builtin,W0576,UNC,X99,基本ソース文字集合に含まれない文字が、ソースファイル `../adlint.c' のコメントの中で使われています。
W,../adlint.c,299,1,c_builtin,W0511,UNC,X99,C++ コメント `//' が使われています。
W,../adlint.c,300,1,c_builtin,W0511,UNC,X99,C++ コメント `//' が使われています。
W,../adlint.c,301,1,c_builtin,W0511,UNC,X99,C++ コメント `//' が使われています。
W,../adlint.c,306,24,c_builtin,W0511,UNC,X99,C++ コメント `//' が使われています。
W,../adlint.c,309,3,c_builtin,W0511,UNC,X99,C++ コメント `//' が使われています。
W,../adlint.c,325,5,c_builtin,W0511,UNC,X99,C++ コメント `//' が使われています。
W,../adlint.c,336,1,c_builtin,W0511,UNC,X99,C++ コメント `//' が使われています。
W,../adlint.c,337,1,c_builtin,W0511,UNC,X99,C++ コメント `//' が使われています。
W,../adlint.c,338,1,c_builtin,W0511,UNC,X99,C++ コメント `//' が使われています。
W,../adlint.c,342,24,c_builtin,W0511,UNC,X99,C++ コメント `//' が使われています。
W,../adlint.c,347,3,c_builtin,W0511,UNC,X99,C++ コメント `//' が使われています。
W,../adlint.c,356,3,c_builtin,W0511,UNC,X99,C++ コメント `//' が使われています。
W,../adlint.c,365,1,c_builtin,W0511,UNC,X99,C++ コメント `//' が使われています。
W,../adlint.c,366,1,c_builtin,W0511,UNC,X99,C++ コメント `//' が使われています。
W,../adlint.c,367,1,c_builtin,W0511,UNC,X99,C++ コメント `//' が使われています。
W,../adlint.c,395,1,c_builtin,W0511,UNC,X99,C++ コメント `//' が使われています。
W,../adlint.c,396,1,c_builtin,W0511,UNC,X99,C++ コメント `//' が使われています。
W,../adlint.c,397,1,c_builtin,W0511,UNC,X99,C++ コメント `//' が使われています。
W,../adlint.c,416,1,c_builtin,W0511,UNC,X99,C++ コメント `//' が使われています。
W,../adlint.c,417,1,c_builtin,W0511,UNC,X99,C++ コメント `//' が使われています。
W,../adlint.c,417,1,c_builtin,W0576,UNC,X99,基本ソース文字集合に含まれない文字が、ソースファイル `../adlint.c' のコメントの中で使われています。
W,../adlint.c,418,1,c_builtin,W0511,UNC,X99,C++ コメント `//' が使われています。
W,../adlint.c,432,1,c_builtin,W0511,UNC,X99,C++ コメント `//' が使われています。
W,../adlint.c,433,1,c_builtin,W0511,UNC,X99,C++ コメント `//' が使われています。
W,../adlint.c,434,1,c_builtin,W0511,UNC,X99,C++ コメント `//' が使われています。
W,../adlint.c,436,1,c_builtin,W0511,UNC,X99,C++ コメント `//' が使われています。
W,../adlint.c,437,1,c_builtin,W0511,UNC,X99,C++ コメント `//' が使われています。
W,../adlint.c,438,1,c_builtin,W0511,UNC,X99,C++ コメント `//' が使われています。
W,../adlint.c,460,1,c_builtin,W0511,UNC,X99,C++ コメント `//' が使われています。
W,../adlint.c,461,1,c_builtin,W0511,UNC,X99,C++ コメント `//' が使われています。
W,../adlint.c,461,1,c_builtin,W0576,UNC,X99,基本ソース文字集合に含まれない文字が、ソースファイル `../adlint.c' のコメントの中で使われています。
W,../adlint.c,462,1,c_builtin,W0511,UNC,X99,C++ コメント `//' が使われています。
W,../adlint.c,482,1,c_builtin,W0511,UNC,X99,C++ コメント `//' が使われています。
W,../adlint.c,483,1,c_builtin,W0511,UNC,X99,C++ コメント `//' が使われています。
W,../adlint.c,484,1,c_builtin,W0511,UNC,X99,C++ コメント `//' が使われています。
W,../adlint.c,486,1,c_builtin,W0511,UNC,X99,C++ コメント `//' が使われています。
W,../adlint.c,487,1,c_builtin,W0511,UNC,X99,C++ コメント `//' が使われています。
W,../adlint.c,488,1,c_builtin,W0511,UNC,X99,C++ コメント `//' が使われています。
W,../adlint.c,495,7,c_builtin,W0511,UNC,X99,C++ コメント `//' が使われています。
W,../adlint.c,26,5,c_builtin,W0118,UNC,X99,外部結合を持つ `strategy_main' の宣言が、ヘッダファイルの中にありません。
W,../adlint.c,27,5,c_builtin,W0118,UNC,X99,外部結合を持つ `final_final_attack' の宣言が、ヘッダファイルの中にありません。
W,../adlint.c,28,6,c_builtin,W0118,UNC,X99,外部結合を持つ `final_attack' の宣言が、ヘッダファイルの中にありません。
W,../adlint.c,29,6,c_builtin,W0118,UNC,X99,外部結合を持つ `exp_table' の宣言が、ヘッダファイルの中にありません。
W,../adlint.c,30,8,c_builtin,W0118,UNC,X99,外部結合を持つ `exp_flush' の宣言が、ヘッダファイルの中にありません。
W,../adlint.c,31,8,c_builtin,W0118,UNC,X99,外部結合を持つ `exp_pair' の宣言が、ヘッダファイルの中にありません。
W,../adlint.c,32,8,c_builtin,W0118,UNC,X99,外部結合を持つ `exp_straight' の宣言が、ヘッダファイルの中にありません。
W,../adlint.c,33,8,c_builtin,W0118,UNC,X99,外部結合を持つ `exp_sflush' の宣言が、ヘッダファイルの中にありません。
W,../adlint.c,34,8,c_builtin,W0118,UNC,X99,外部結合を持つ `exp_rsflush' の宣言が、ヘッダファイルの中にありません。
W,../adlint.c,36,6,c_builtin,W0118,UNC,X99,外部結合を持つ `simulate_table' の宣言が、ヘッダファイルの中にありません。
W,../adlint.c,37,5,c_builtin,W0118,UNC,X99,外部結合を持つ `decide_hand' の宣言が、ヘッダファイルの中にありません。
W,../adlint.c,38,8,c_builtin,W0118,UNC,X99,外部結合を持つ `ave_exp' の宣言が、ヘッダファイルの中にありません。
W,../adlint.c,41,6,c_builtin,W0118,UNC,X99,外部結合を持つ `init_table' の宣言が、ヘッダファイルの中にありません。
W,../adlint.c,42,6,c_builtin,W0118,UNC,X99,外部結合を持つ `create_stock' の宣言が、ヘッダファイルの中にありません。
W,../adlint.c,45,6,c_builtin,W0118,UNC,X99,外部結合を持つ `output_table' の宣言が、ヘッダファイルの中にありません。
W,../adlint.c,75,5,c_builtin,W0117,UNC,X99,`strategy' の定義は外部結合を持ちますが、定義より前にその宣言がありません。
W,../adlint.c,77,12,c_builtin,W0109,UNC,X99,この関数の宣言が見つかりません。省略されたものとみなし、`extern int HNUM()' を挿入します。
W,../adlint.c,77,24,c_builtin,W0109,UNC,X99,この関数の宣言が見つかりません。省略されたものとみなし、`extern int CNUM()' を挿入します。
W,../adlint.c,78,24,c_builtin,W0023,UNC,X99,ポインタ型の変数に対して算術演算が行われています。
W,../adlint.c,78,33,c_builtin,W9003,UNC,X99,暗黙的に `int' 型のオブジェクトが `int(*)()' 型のオブジェクトに変換されています。
W,../adlint.c,78,31,c_builtin,W0023,UNC,X99,ポインタ型の変数に対して算術演算が行われています。
W,../adlint.c,78,31,c_builtin,W9003,UNC,X99,暗黙的に `int(*)()' 型のオブジェクトが `int' 型のオブジェクトに変換されています。
W,../adlint.c,80,3,c_builtin,W0109,UNC,X99,この関数の宣言が見つかりません。省略されたものとみなし、`extern int arr_copy()' を挿入します。
W,../adlint.c,82,8,c_builtin,W0109,UNC,X99,この関数の宣言が見つかりません。省略されたものとみなし、`extern int poker_point()' を挿入します。
W,../adlint.c,82,29,c_builtin,W0109,UNC,X99,この関数の宣言が見つかりません。省略されたものとみなし、`extern int P6()' を挿入します。
W,../adlint.c,82,19,c_builtin,W9003,UNC,X99,暗黙的に `int' 型のオブジェクトが `int(*)()' 型のオブジェクトに変換されています。
W,../adlint.c,82,26,c_builtin,W0027,UNC,X99,ポインタ型の変数に対して比較演算が行われています。
W,../adlint.c,84,11,c_builtin,W0581,UNC,X99,実引数の個数か型が、この関数の以前の使用時と異なります。
W,../adlint.c,78,7,c_builtin,W0100,UNC,X99,変数 `stock_num' は初期値を設定後に再代入されません。変数を const 付きで初期値を指定して定義できる可能性があります。
W,../adlint.c,75,40,c_builtin,W0031,UNC,X99,仮引数 `fd' は、この関数の中で使われていません。
W,../adlint.c,75,50,c_builtin,W0104,UNC,X99,仮引数 `cg' は値が変わりません。const 付きで宣言できる可能性があります。
W,../adlint.c,75,58,c_builtin,W0104,UNC,X99,仮引数 `tk' は値が変わりません。const 付きで宣言できる可能性があります。
W,../adlint.c,75,82,c_builtin,W0104,UNC,X99,仮引数 `us' は値が変わりません。const 付きで宣言できる可能性があります。
W,../adlint.c,75,5,c_builtin,W1071,UNC,X99,関数 `strategy' には複数の終了点があります。
W,../adlint.c,80,11,c_builtin,W1073,UNC,X99,関数 `arr_copy' の戻り値を破棄しています。
W,../adlint.c,84,11,c_builtin,W1073,UNC,X99,関数 `arr_copy' の戻り値を破棄しています。
W,../adlint.c,103,32,c_builtin,W9003,UNC,X99,暗黙的に `int' 型のオブジェクトが `(Cell)[13]' 型のオブジェクトに変換されています。
W,../adlint.c,106,8,c_builtin,W0109,UNC,X99,この関数の宣言が見つかりません。省略されたものとみなし、`extern int CHNG()' を挿入します。
W,../adlint.c,106,16,c_builtin,W9003,UNC,X99,暗黙的に `int' 型のオブジェクトが `int(*)()' 型のオブジェクトに変換されています。
W,../adlint.c,106,13,c_builtin,W0027,UNC,X99,ポインタ型の変数に対して比較演算が行われています。
W,../adlint.c,104,10,c_builtin,W0100,UNC,X99,変数 `ave' は初期値を設定後に再代入されません。変数を const 付きで初期値を指定して定義できる可能性があります。
W,../adlint.c,101,59,c_builtin,W0031,UNC,X99,仮引数 `cg' は、この関数の中で使われていません。
W,../adlint.c,101,43,c_builtin,W0104,UNC,X99,仮引数 `sn' は値が変わりません。const 付きで宣言できる可能性があります。
W,../adlint.c,101,51,c_builtin,W0104,UNC,X99,仮引数 `tk' は値が変わりません。const 付きで宣言できる可能性があります。
W,../adlint.c,101,59,c_builtin,W0104,UNC,X99,仮引数 `cg' は値が変わりません。const 付きで宣言できる可能性があります。
W,../adlint.c,101,5,c_builtin,W1071,UNC,X99,関数 `strategy_main' には複数の終了点があります。
W,../adlint.c,136,16,c_builtin,W9003,UNC,X99,暗黙的に `int' 型のオブジェクトが `int(*)()' 型のオブジェクトに変換されています。
W,../adlint.c,136,18,c_builtin,W0027,UNC,X99,ポインタ型の変数に対して比較演算が行われています。
W,../adlint.c,136,38,c_builtin,W0723,UNC,X99,符号付きの式の値がオーバーフローする可能性があります。
W,../adlint.c,137,3,c_builtin,W9003,UNC,X99,暗黙的に `int' 型のオブジェクトが `int(*)()' 型のオブジェクトに変換されています。
W,../adlint.c,137,6,c_builtin,W0023,UNC,X99,ポインタ型の変数に対して算術演算が行われています。
W,../adlint.c,137,3,c_builtin,W9003,UNC,X99,暗黙的に `int(*)()' 型のオブジェクトが `int' 型のオブジェクトに変換されています。
W,../adlint.c,141,18,c_builtin,W0723,UNC,X99,符号付きの式の値がオーバーフローする可能性があります。
W,../adlint.c,142,11,c_builtin,W0707,UNC,X99,配列の添字が領域外を指す定数です。
W,../adlint.c,143,20,c_builtin,W0723,UNC,X99,符号付きの式の値がオーバーフローする可能性があります。
W,../adlint.c,144,13,c_builtin,W0707,UNC,X99,配列の添字が領域外を指す定数です。
W,../adlint.c,145,22,c_builtin,W0723,UNC,X99,符号付きの式の値がオーバーフローする可能性があります。
W,../adlint.c,146,15,c_builtin,W0707,UNC,X99,配列の添字が領域外を指す定数です。
W,../adlint.c,147,24,c_builtin,W0723,UNC,X99,符号付きの式の値がオーバーフローする可能性があります。
W,../adlint.c,148,17,c_builtin,W0707,UNC,X99,配列の添字が領域外を指す定数です。
W,../adlint.c,150,47,c_builtin,W0581,UNC,X99,実引数の個数か型が、この関数の以前の使用時と異なります。
W,../adlint.c,157,17,c_builtin,W9003,UNC,X99,暗黙的に `int' 型のオブジェクトが `int(*)()' 型のオブジェクトに変換されています。
W,../adlint.c,157,20,c_builtin,W0027,UNC,X99,ポインタ型の変数に対して比較演算が行われています。
W,../adlint.c,159,19,c_builtin,W9003,UNC,X99,暗黙的に `int' 型のオブジェクトが `int(*)()' 型のオブジェクトに変換されています。
W,../adlint.c,159,22,c_builtin,W0027,UNC,X99,ポインタ型の変数に対して比較演算が行われています。
W,../adlint.c,160,26,c_builtin,W0705,UNC,X99,配列の添字が領域外を指すことがあります。
W,../adlint.c,160,19,c_builtin,W0460,UNC,X99,変数 `mhd' の値は、この式の評価時点では設定されていないことがあります。
C,,,,c_builtin,C1000,INF,X99,次の実行パスで警告を検知しました。
C,../adlint.c,130,18,c_builtin,C1003,INF,X99,ここで該当変数が初期値を指定せずに定義されています。
C,../adlint.c,139,20,c_builtin,C1001,INF,X99,この制御式を真として評価しました。
C,../adlint.c,141,25,c_builtin,C1001,INF,X99,この制御式を真として評価しました。
C,../adlint.c,143,27,c_builtin,C1001,INF,X99,この制御式を真として評価しました。
C,../adlint.c,145,29,c_builtin,C1001,INF,X99,この制御式を真として評価しました。
C,../adlint.c,147,31,c_builtin,C1001,INF,X99,この制御式を真として評価しました。
C,../adlint.c,150,20,c_builtin,C1002,INF,X99,この制御式を偽として評価しました。
W,../adlint.c,128,28,c_builtin,W0104,UNC,X99,仮引数 `hd' は値が変わりません。const 付きで宣言できる可能性があります。
W,../adlint.c,128,5,c_builtin,W1071,UNC,X99,関数 `final_final_attack' には複数の終了点があります。
W,../adlint.c,150,47,c_builtin,W1073,UNC,X99,関数 `arr_copy' の戻り値を破棄しています。
W,../adlint.c,174,16,c_builtin,W0109,UNC,X99,この関数の宣言が見つかりません。省略されたものとみなし、`extern int INT_MAX()' を挿入します。
W,../adlint.c,174,16,c_builtin,W9003,UNC,X99,暗黙的に `int(*)()' 型のオブジェクトが `double' 型のオブジェクトに変換されています。
W,../adlint.c,176,30,c_builtin,W9003,UNC,X99,暗黙的に `int' 型のオブジェクトが `(Cell)[13]' 型のオブジェクトに変換されています。
W,../adlint.c,174,10,c_builtin,W0100,UNC,X99,変数 `min' は初期値を設定後に再代入されません。変数を const 付きで初期値を指定して定義できる可能性があります。
W,../adlint.c,175,7,c_builtin,W0100,UNC,X99,変数 `sub' は初期値を設定後に再代入されません。変数を const 付きで初期値を指定して定義できる可能性があります。
W,../adlint.c,171,65,c_builtin,W0104,UNC,X99,仮引数 `sn' は値が変わりません。const 付きで宣言できる可能性があります。
W,../adlint.c,195,16,c_builtin,W9003,UNC,X99,暗黙的に `int' 型のオブジェクトが `int(*)()' 型のオブジェクトに変換されています。
W,../adlint.c,195,18,c_builtin,W0027,UNC,X99,ポインタ型の変数に対して比較演算が行われています。
W,../adlint.c,197,16,c_builtin,W0705,UNC,X99,配列の添字が領域外を指すことがあります。
C,,,,c_builtin,C1000,INF,X99,次の実行パスで警告を検知しました。
C,../adlint.c,192,12,c_builtin,C1006,INF,X99,ここで該当変数に値を割り当てました。
C,../adlint.c,195,18,c_builtin,C1001,INF,X99,この制御式を真として評価しました。
C,../adlint.c,196,29,c_builtin,C1006,INF,X99,ここで該当変数に値を割り当てました。
W,../adlint.c,197,25,c_builtin,W0598,UNC,X99,副作用完了点の間で `table' が二回以上変更される可能性があります。評価順序は未定義です。
W,../adlint.c,198,16,c_builtin,W0705,UNC,X99,配列の添字が領域外を指すことがあります。
C,,,,c_builtin,C1000,INF,X99,次の実行パスで警告を検知しました。
C,../adlint.c,192,12,c_builtin,C1006,INF,X99,ここで該当変数に値を割り当てました。
C,../adlint.c,195,18,c_builtin,C1001,INF,X99,この制御式を真として評価しました。
C,../adlint.c,196,29,c_builtin,C1006,INF,X99,ここで該当変数に値を割り当てました。
W,../adlint.c,198,25,c_builtin,W0598,UNC,X99,副作用完了点の間で `table' が二回以上変更される可能性があります。評価順序は未定義です。
W,../adlint.c,199,16,c_builtin,W0705,UNC,X99,配列の添字が領域外を指すことがあります。
C,,,,c_builtin,C1000,INF,X99,次の実行パスで警告を検知しました。
C,../adlint.c,192,12,c_builtin,C1006,INF,X99,ここで該当変数に値を割り当てました。
C,../adlint.c,195,18,c_builtin,C1001,INF,X99,この制御式を真として評価しました。
C,../adlint.c,196,29,c_builtin,C1006,INF,X99,ここで該当変数に値を割り当てました。
W,../adlint.c,199,25,c_builtin,W0598,UNC,X99,副作用完了点の間で `table' が二回以上変更される可能性があります。評価順序は未定義です。
W,../adlint.c,200,16,c_builtin,W0705,UNC,X99,配列の添字が領域外を指すことがあります。
C,,,,c_builtin,C1000,INF,X99,次の実行パスで警告を検知しました。
C,../adlint.c,192,12,c_builtin,C1006,INF,X99,ここで該当変数に値を割り当てました。
C,../adlint.c,195,18,c_builtin,C1001,INF,X99,この制御式を真として評価しました。
C,../adlint.c,196,29,c_builtin,C1006,INF,X99,ここで該当変数に値を割り当てました。
W,../adlint.c,200,25,c_builtin,W0598,UNC,X99,副作用完了点の間で `table' が二回以上変更される可能性があります。評価順序は未定義です。
W,../adlint.c,201,16,c_builtin,W0705,UNC,X99,配列の添字が領域外を指すことがあります。
C,,,,c_builtin,C1000,INF,X99,次の実行パスで警告を検知しました。
C,../adlint.c,192,12,c_builtin,C1006,INF,X99,ここで該当変数に値を割り当てました。
C,../adlint.c,195,18,c_builtin,C1001,INF,X99,この制御式を真として評価しました。
C,../adlint.c,196,29,c_builtin,C1006,INF,X99,ここで該当変数に値を割り当てました。
W,../adlint.c,201,25,c_builtin,W0598,UNC,X99,副作用完了点の間で `table' が二回以上変更される可能性があります。評価順序は未定義です。
W,../adlint.c,190,42,c_builtin,W0104,UNC,X99,仮引数 `hd' は値が変わりません。const 付きで宣言できる可能性があります。
W,../adlint.c,190,52,c_builtin,W0104,UNC,X99,仮引数 `sn' は値が変わりません。const 付きで宣言できる可能性があります。
W,../adlint.c,211,7,c_builtin,W0492,UNC,X99,同じ識別子名 `val' が構造体/共用体のメンバの他に、ラベル、タグ、または通常の識別子としても使われています。
C,../adlint.c,17,7,c_builtin,C0001,INF,X99,この識別子 `val' で警告を検知しました。
W,../adlint.c,212,17,c_builtin,W0195,UNC,X99,暗黙的に signed int 型から double 型に型変換されています。
W,../adlint.c,214,19,c_builtin,W9003,UNC,X99,暗黙的に `int(*)()' 型のオブジェクトが `int' 型のオブジェクトに変換されています。
W,../adlint.c,224,25,c_builtin,W0195,UNC,X99,暗黙的に signed int 型から double 型に型変換されています。
W,../adlint.c,224,24,c_builtin,W0093,UNC,X99,ゼロになることがある値で除算しています。
C,,,,c_builtin,C1000,INF,X99,次の実行パスで警告を検知しました。
C,../adlint.c,208,62,c_builtin,C1006,INF,X99,ここで該当変数に値を割り当てました。
W,../adlint.c,224,10,c_builtin,W0093,UNC,X99,ゼロになることがある値で除算しています。
W,../adlint.c,228,17,c_builtin,W0109,UNC,X99,この関数の宣言が見つかりません。省略されたものとみなし、`extern int P5()' を挿入します。
W,../adlint.c,228,17,c_builtin,W9003,UNC,X99,暗黙的に `int(*)()' 型のオブジェクトが `double' 型のオブジェクトに変換されています。
W,../adlint.c,228,15,c_builtin,W0023,UNC,X99,ポインタ型の変数に対して算術演算が行われています。
W,../adlint.c,214,7,c_builtin,W0100,UNC,X99,変数 `flush_num' は初期値を設定後に再代入されません。変数を const 付きで初期値を指定して定義できる可能性があります。
W,../adlint.c,208,53,c_builtin,W0031,UNC,X99,仮引数 `num' は、この関数の中で使われていません。
W,../adlint.c,208,23,c_builtin,W0104,UNC,X99,仮引数 `table' は値が変わりません。const 付きで宣言できる可能性があります。
W,../adlint.c,208,44,c_builtin,W0104,UNC,X99,仮引数 `sut' は値が変わりません。const 付きで宣言できる可能性があります。
W,../adlint.c,208,53,c_builtin,W0104,UNC,X99,仮引数 `num' は値が変わりません。const 付きで宣言できる可能性があります。
W,../adlint.c,208,62,c_builtin,W0104,UNC,X99,仮引数 `sn' は値が変わりません。const 付きで宣言できる可能性があります。
W,../adlint.c,237,7,c_builtin,W0492,UNC,X99,同じ識別子名 `val' が構造体/共用体のメンバの他に、ラベル、タグ、または通常の識別子としても使われています。
C,../adlint.c,17,7,c_builtin,C0001,INF,X99,この識別子 `val' で警告を検知しました。
W,../adlint.c,238,17,c_builtin,W0195,UNC,X99,暗黙的に signed int 型から double 型に型変換されています。
W,../adlint.c,239,16,c_builtin,W0195,UNC,X99,暗黙的に signed int 型から double 型に型変換されています。
W,../adlint.c,239,10,c_builtin,W0492,UNC,X99,同じ識別子名 `exp' が構造体/共用体のメンバの他に、ラベル、タグ、または通常の識別子としても使われています。
C,../adlint.c,18,10,c_builtin,C0001,INF,X99,この識別子 `exp' で警告を検知しました。
W,../adlint.c,241,18,c_builtin,W0109,UNC,X99,この関数の宣言が見つかりません。省略されたものとみなし、`extern int P0()' を挿入します。
W,../adlint.c,241,18,c_builtin,W9003,UNC,X99,暗黙的に `int(*)()' 型のオブジェクトが `int' 型のオブジェクトに変換されています。
W,../adlint.c,241,22,c_builtin,W0109,UNC,X99,この関数の宣言が見つかりません。省略されたものとみなし、`extern int P1()' を挿入します。
W,../adlint.c,241,22,c_builtin,W9003,UNC,X99,暗黙的に `int(*)()' 型のオブジェクトが `int' 型のオブジェクトに変換されています。
W,../adlint.c,241,26,c_builtin,W0109,UNC,X99,この関数の宣言が見つかりません。省略されたものとみなし、`extern int P3()' を挿入します。
W,../adlint.c,241,26,c_builtin,W9003,UNC,X99,暗黙的に `int(*)()' 型のオブジェクトが `int' 型のオブジェクトに変換されています。
W,../adlint.c,241,30,c_builtin,W0109,UNC,X99,この関数の宣言が見つかりません。省略されたものとみなし、`extern int P7()' を挿入します。
W,../adlint.c,241,30,c_builtin,W9003,UNC,X99,暗黙的に `int(*)()' 型のオブジェクトが `int' 型のオブジェクトに変換されています。
W,../adlint.c,245,19,c_builtin,W0705,UNC,X99,配列の添字が領域外を指すことがあります。
C,,,,c_builtin,C1000,INF,X99,次の実行パスで警告を検知しました。
C,../adlint.c,234,52,c_builtin,C1006,INF,X99,ここで該当変数に値を割り当てました。
W,../adlint.c,246,24,c_builtin,W0705,UNC,X99,配列の添字が領域外を指すことがあります。
C,,,,c_builtin,C1000,INF,X99,次の実行パスで警告を検知しました。
C,../adlint.c,234,52,c_builtin,C1006,INF,X99,ここで該当変数に値を割り当てました。
W,../adlint.c,247,28,c_builtin,W0705,UNC,X99,配列の添字が領域外を指すことがあります。
C,,,,c_builtin,C1000,INF,X99,次の実行パスで警告を検知しました。
C,../adlint.c,234,52,c_builtin,C1006,INF,X99,ここで該当変数に値を割り当てました。
W,../adlint.c,252,43,c_builtin,W0195,UNC,X99,暗黙的に signed int 型から double 型に型変換されています。
W,../adlint.c,252,42,c_builtin,W0093,UNC,X99,ゼロになることがある値で除算しています。
C,,,,c_builtin,C1000,INF,X99,次の実行パスで警告を検知しました。
C,../adlint.c,234,61,c_builtin,C1006,INF,X99,ここで該当変数に値を割り当てました。
W,../adlint.c,252,28,c_builtin,W0093,UNC,X99,ゼロになることがある値で除算しています。
W,../adlint.c,253,22,c_builtin,W0195,UNC,X99,暗黙的に signed int 型から double 型に型変換されています。
W,../adlint.c,253,16,c_builtin,W0723,UNC,X99,符号付きの式の値がオーバーフローする可能性があります。
W,../adlint.c,241,7,c_builtin,W0100,UNC,X99,変数 `point' は初期値を設定後に再代入されません。変数を const 付きで初期値を指定して定義できる可能性があります。
W,../adlint.c,242,7,c_builtin,W0100,UNC,X99,変数 `point_num' は初期値を設定後に再代入されません。変数を const 付きで初期値を指定して定義できる可能性があります。
W,../adlint.c,234,43,c_builtin,W0031,UNC,X99,仮引数 `sut' は、この関数の中で使われていません。
W,../adlint.c,234,22,c_builtin,W0104,UNC,X99,仮引数 `table' は値が変わりません。const 付きで宣言できる可能性があります。
W,../adlint.c,234,43,c_builtin,W0104,UNC,X99,仮引数 `sut' は値が変わりません。const 付きで宣言できる可能性があります。
W,../adlint.c,234,52,c_builtin,W0104,UNC,X99,仮引数 `num' は値が変わりません。const 付きで宣言できる可能性があります。
W,../adlint.c,234,61,c_builtin,W0104,UNC,X99,仮引数 `sn' は値が変わりません。const 付きで宣言できる可能性があります。
W,../adlint.c,265,16,c_builtin,W0195,UNC,X99,暗黙的に signed int 型から double 型に型変換されています。
W,../adlint.c,265,10,c_builtin,W0492,UNC,X99,同じ識別子名 `exp' が構造体/共用体のメンバの他に、ラベル、タグ、または通常の識別子としても使われています。
C,../adlint.c,18,10,c_builtin,C0001,INF,X99,この識別子 `exp' で警告を検知しました。
W,../adlint.c,267,15,c_builtin,W9003,UNC,X99,暗黙的に `int(*)()' 型のオブジェクトが `int' 型のオブジェクトに変換されています。
W,../adlint.c,272,19,c_builtin,W0705,UNC,X99,配列の添字が領域外を指すことがあります。
C,,,,c_builtin,C1000,INF,X99,次の実行パスで警告を検知しました。
C,../adlint.c,262,56,c_builtin,C1006,INF,X99,ここで該当変数に値を割り当てました。
W,../adlint.c,274,27,c_builtin,W0195,UNC,X99,暗黙的に signed int 型から double 型に型変換されています。
W,../adlint.c,274,20,c_builtin,W0331,UNC,X99,signed int 型の値が関数 `double exp_straight()' から返されています。
W,../adlint.c,277,11,c_builtin,W0723,UNC,X99,符号付きの式の値がオーバーフローする可能性があります。
W,../adlint.c,277,34,c_builtin,W0723,UNC,X99,符号付きの式の値がオーバーフローする可能性があります。
W,../adlint.c,278,11,c_builtin,W0723,UNC,X99,符号付きの式の値がオーバーフローする可能性があります。
W,../adlint.c,278,44,c_builtin,W0723,UNC,X99,符号付きの式の値がオーバーフローする可能性があります。
W,../adlint.c,282,18,c_builtin,W0195,UNC,X99,暗黙的に signed int 型から double 型に型変換されています。
W,../adlint.c,283,19,c_builtin,W0723,UNC,X99,符号付きの式の値がオーバーフローする可能性があります。
W,../adlint.c,284,11,c_builtin,W0492,UNC,X99,同じ識別子名 `val' が構造体/共用体のメンバの他に、ラベル、タグ、または通常の識別子としても使われています。
C,../adlint.c,17,7,c_builtin,C0001,INF,X99,この識別子 `val' で警告を検知しました。
W,../adlint.c,286,25,c_builtin,W0705,UNC,X99,配列の添字が領域外を指すことがあります。
W,../adlint.c,287,30,c_builtin,W0705,UNC,X99,配列の添字が領域外を指すことがあります。
W,../adlint.c,288,34,c_builtin,W0705,UNC,X99,配列の添字が領域外を指すことがあります。
W,../adlint.c,290,26,c_builtin,W0195,UNC,X99,暗黙的に signed int 型から double 型に型変換されています。
W,../adlint.c,290,25,c_builtin,W0093,UNC,X99,ゼロになることがある値で除算しています。
C,,,,c_builtin,C1000,INF,X99,次の実行パスで警告を検知しました。
C,../adlint.c,262,65,c_builtin,C1006,INF,X99,ここで該当変数に値を割り当てました。
W,../adlint.c,290,11,c_builtin,W0093,UNC,X99,ゼロになることがある値で除算しています。
W,../adlint.c,293,18,c_builtin,W0109,UNC,X99,この関数の宣言が見つかりません。省略されたものとみなし、`extern int P4()' を挿入します。
W,../adlint.c,293,18,c_builtin,W9003,UNC,X99,暗黙的に `int(*)()' 型のオブジェクトが `double' 型のオブジェクトに変換されています。
W,../adlint.c,293,16,c_builtin,W0023,UNC,X99,ポインタ型の変数に対して算術演算が行われています。
W,../adlint.c,267,7,c_builtin,W0100,UNC,X99,変数 `s_num' は初期値を設定後に再代入されません。変数を const 付きで初期値を指定して定義できる可能性があります。
W,../adlint.c,268,7,c_builtin,W0100,UNC,X99,変数 `s' は初期値を設定後に再代入されません。変数を const 付きで初期値を指定して定義できる可能性があります。
W,../adlint.c,268,10,c_builtin,W0100,UNC,X99,変数 `e' は初期値を設定後に再代入されません。変数を const 付きで初期値を指定して定義できる可能性があります。
W,../adlint.c,262,47,c_builtin,W0031,UNC,X99,仮引数 `sut' は、この関数の中で使われていません。
W,../adlint.c,262,26,c_builtin,W0104,UNC,X99,仮引数 `table' は値が変わりません。const 付きで宣言できる可能性があります。
W,../adlint.c,262,47,c_builtin,W0104,UNC,X99,仮引数 `sut' は値が変わりません。const 付きで宣言できる可能性があります。
W,../adlint.c,262,56,c_builtin,W0104,UNC,X99,仮引数 `num' は値が変わりません。const 付きで宣言できる可能性があります。
W,../adlint.c,262,65,c_builtin,W0104,UNC,X99,仮引数 `sn' は値が変わりません。const 付きで宣言できる可能性があります。
W,../adlint.c,262,8,c_builtin,W1071,UNC,X99,関数 `exp_straight' には複数の終了点があります。
W,../adlint.c,305,16,c_builtin,W0195,UNC,X99,暗黙的に signed int 型から double 型に型変換されています。
W,../adlint.c,305,10,c_builtin,W0492,UNC,X99,同じ識別子名 `exp' が構造体/共用体のメンバの他に、ラベル、タグ、または通常の識別子としても使われています。
C,../adlint.c,18,10,c_builtin,C0001,INF,X99,この識別子 `exp' で警告を検知しました。
W,../adlint.c,306,15,c_builtin,W9003,UNC,X99,暗黙的に `int(*)()' 型のオブジェクトが `int' 型のオブジェクトに変換されています。
W,../adlint.c,310,11,c_builtin,W0723,UNC,X99,符号付きの式の値がオーバーフローする可能性があります。
W,../adlint.c,310,34,c_builtin,W0723,UNC,X99,符号付きの式の値がオーバーフローする可能性があります。
W,../adlint.c,311,11,c_builtin,W0723,UNC,X99,符号付きの式の値がオーバーフローする可能性があります。
W,../adlint.c,311,44,c_builtin,W0723,UNC,X99,符号付きの式の値がオーバーフローする可能性があります。
W,../adlint.c,315,19,c_builtin,W0195,UNC,X99,暗黙的に signed int 型から double 型に型変換されています。
W,../adlint.c,316,9,c_builtin,W0492,UNC,X99,同じ識別子名 `val' が構造体/共用体のメンバの他に、ラベル、タグ、または通常の識別子としても使われています。
C,../adlint.c,17,7,c_builtin,C0001,INF,X99,この識別子 `val' で警告を検知しました。
W,../adlint.c,318,19,c_builtin,W0723,UNC,X99,符号付きの式の値がオーバーフローする可能性があります。
W,../adlint.c,319,24,c_builtin,W0705,UNC,X99,配列の添字が領域外を指すことがあります。
W,../adlint.c,320,29,c_builtin,W0705,UNC,X99,配列の添字が領域外を指すことがあります。
W,../adlint.c,321,33,c_builtin,W0705,UNC,X99,配列の添字が領域外を指すことがあります。
W,../adlint.c,327,27,c_builtin,W0195,UNC,X99,暗黙的に signed int 型から double 型に型変換されています。
W,../adlint.c,327,26,c_builtin,W0093,UNC,X99,ゼロになることがある値で除算しています。
C,,,,c_builtin,C1000,INF,X99,次の実行パスで警告を検知しました。
C,../adlint.c,302,63,c_builtin,C1006,INF,X99,ここで該当変数に値を割り当てました。
W,../adlint.c,327,12,c_builtin,W0093,UNC,X99,ゼロになることがある値で除算しています。
W,../adlint.c,330,19,c_builtin,W0109,UNC,X99,この関数の宣言が見つかりません。省略されたものとみなし、`extern int P8()' を挿入します。
W,../adlint.c,330,19,c_builtin,W9003,UNC,X99,暗黙的に `int(*)()' 型のオブジェクトが `double' 型のオブジェクトに変換されています。
W,../adlint.c,330,17,c_builtin,W0023,UNC,X99,ポインタ型の変数に対して算術演算が行われています。
W,../adlint.c,306,7,c_builtin,W0100,UNC,X99,変数 `s_num' は初期値を設定後に再代入されません。変数を const 付きで初期値を指定して定義できる可能性があります。
W,../adlint.c,307,7,c_builtin,W0100,UNC,X99,変数 `s' は初期値を設定後に再代入されません。変数を const 付きで初期値を指定して定義できる可能性があります。
W,../adlint.c,307,10,c_builtin,W0100,UNC,X99,変数 `e' は初期値を設定後に再代入されません。変数を const 付きで初期値を指定して定義できる可能性があります。
W,../adlint.c,302,24,c_builtin,W0104,UNC,X99,仮引数 `table' は値が変わりません。const 付きで宣言できる可能性があります。
W,../adlint.c,302,45,c_builtin,W0104,UNC,X99,仮引数 `sut' は値が変わりません。const 付きで宣言できる可能性があります。
W,../adlint.c,302,54,c_builtin,W0104,UNC,X99,仮引数 `num' は値が変わりません。const 付きで宣言できる可能性があります。
W,../adlint.c,302,63,c_builtin,W0104,UNC,X99,仮引数 `sn' は値が変わりません。const 付きで宣言できる可能性があります。
W,../adlint.c,342,15,c_builtin,W9003,UNC,X99,暗黙的に `int(*)()' 型のオブジェクトが `int' 型のオブジェクトに変換されています。
W,../adlint.c,343,17,c_builtin,W0195,UNC,X99,暗黙的に signed int 型から double 型に型変換されています。
W,../adlint.c,344,7,c_builtin,W0492,UNC,X99,同じ識別子名 `val' が構造体/共用体のメンバの他に、ラベル、タグ、または通常の識別子としても使われています。
C,../adlint.c,17,7,c_builtin,C0001,INF,X99,この識別子 `val' で警告を検知しました。
W,../adlint.c,348,39,c_builtin,W0195,UNC,X99,暗黙的に signed int 型から double 型に型変換されています。
W,../adlint.c,348,32,c_builtin,W0331,UNC,X99,signed int 型の値が関数 `double exp_rsflush()' から返されています。
W,../adlint.c,351,22,c_builtin,W0705,UNC,X99,配列の添字が領域外を指すことがあります。
W,../adlint.c,352,27,c_builtin,W0705,UNC,X99,配列の添字が領域外を指すことがあります。
W,../adlint.c,353,31,c_builtin,W0705,UNC,X99,配列の添字が領域外を指すことがあります。
W,../adlint.c,358,25,c_builtin,W0195,UNC,X99,暗黙的に signed int 型から double 型に型変換されています。
W,../adlint.c,358,24,c_builtin,W0093,UNC,X99,ゼロになることがある値で除算しています。
C,,,,c_builtin,C1000,INF,X99,次の実行パスで警告を検知しました。
C,../adlint.c,339,64,c_builtin,C1006,INF,X99,ここで該当変数に値を割り当てました。
W,../adlint.c,358,10,c_builtin,W0093,UNC,X99,ゼロになることがある値で除算しています。
W,../adlint.c,362,17,c_builtin,W0109,UNC,X99,この関数の宣言が見つかりません。省略されたものとみなし、`extern int P9()' を挿入します。
W,../adlint.c,362,17,c_builtin,W9003,UNC,X99,暗黙的に `int(*)()' 型のオブジェクトが `double' 型のオブジェクトに変換されています。
W,../adlint.c,362,15,c_builtin,W0023,UNC,X99,ポインタ型の変数に対して算術演算が行われています。
W,../adlint.c,342,7,c_builtin,W0100,UNC,X99,変数 `s_num' は初期値を設定後に再代入されません。変数を const 付きで初期値を指定して定義できる可能性があります。
W,../adlint.c,339,25,c_builtin,W0104,UNC,X99,仮引数 `table' は値が変わりません。const 付きで宣言できる可能性があります。
W,../adlint.c,339,46,c_builtin,W0104,UNC,X99,仮引数 `sut' は値が変わりません。const 付きで宣言できる可能性があります。
W,../adlint.c,339,55,c_builtin,W0104,UNC,X99,仮引数 `num' は値が変わりません。const 付きで宣言できる可能性があります。
W,../adlint.c,339,64,c_builtin,W0104,UNC,X99,仮引数 `sn' は値が変わりません。const 付きで宣言できる可能性があります。
W,../adlint.c,339,8,c_builtin,W1071,UNC,X99,関数 `exp_rsflush' には複数の終了点があります。
W,../adlint.c,374,17,c_builtin,W9003,UNC,X99,暗黙的に `int' 型のオブジェクトが `int(*)()' 型のオブジェクトに変換されています。
W,../adlint.c,374,20,c_builtin,W0027,UNC,X99,ポインタ型の変数に対して比較演算が行われています。
W,../adlint.c,376,18,c_builtin,W0195,UNC,X99,暗黙的に signed int 型から double 型に型変換されています。
W,../adlint.c,376,12,c_builtin,W0492,UNC,X99,同じ識別子名 `exp' が構造体/共用体のメンバの他に、ラベル、タグ、または通常の識別子としても使われています。
C,../adlint.c,18,10,c_builtin,C0001,INF,X99,この識別子 `exp' で警告を検知しました。
W,../adlint.c,378,34,c_builtin,W9003,UNC,X99,暗黙的に `int' 型のオブジェクトが `(Cell)[13]' 型のオブジェクトに変換されています。
W,../adlint.c,381,7,c_builtin,W0109,UNC,X99,この関数の宣言が見つかりません。省略されたものとみなし、`extern int arr_swap()' を挿入します。
W,../adlint.c,385,21,c_builtin,W0556,UNC,X99,この呼び出しを含む関数は、再帰呼び出しされています。
W,../adlint.c,391,22,c_builtin,W0705,UNC,X99,配列の添字が領域外を指すことがあります。
W,../adlint.c,391,44,c_builtin,W0195,UNC,X99,暗黙的に signed int 型から double 型に型変換されています。
W,../adlint.c,375,9,c_builtin,W0100,UNC,X99,変数 `t' は初期値を設定後に再代入されません。変数を const 付きで初期値を指定して定義できる可能性があります。
W,../adlint.c,368,67,c_builtin,W0104,UNC,X99,仮引数 `sn' は値が変わりません。const 付きで宣言できる可能性があります。
W,../adlint.c,368,75,c_builtin,W0104,UNC,X99,仮引数 `cg' は値が変わりません。const 付きで宣言できる可能性があります。
W,../adlint.c,368,6,c_builtin,W1071,UNC,X99,関数 `simulate_table' には複数の終了点があります。
W,../adlint.c,381,15,c_builtin,W1073,UNC,X99,関数 `arr_swap' の戻り値を破棄しています。
W,../adlint.c,388,15,c_builtin,W1073,UNC,X99,関数 `arr_swap' の戻り値を破棄しています。
W,../adlint.c,403,20,c_builtin,W9003,UNC,X99,暗黙的に `int(*)()' 型のオブジェクトが `double' 型のオブジェクトに変換されています。
W,../adlint.c,405,16,c_builtin,W9003,UNC,X99,暗黙的に `int' 型のオブジェクトが `int(*)()' 型のオブジェクトに変換されています。
W,../adlint.c,405,18,c_builtin,W0027,UNC,X99,ポインタ型の変数に対して比較演算が行われています。
W,../adlint.c,408,31,c_builtin,W0705,UNC,X99,配列の添字が領域外を指すことがあります。
C,,,,c_builtin,C1000,INF,X99,次の実行パスで警告を検知しました。
C,../adlint.c,400,12,c_builtin,C1006,INF,X99,ここで該当変数に値を割り当てました。
C,../adlint.c,405,18,c_builtin,C1001,INF,X99,この制御式を真として評価しました。
C,../adlint.c,407,9,c_builtin,C1006,INF,X99,ここで該当変数に値を割り当てました。
W,../adlint.c,409,28,c_builtin,W0705,UNC,X99,配列の添字が領域外を指すことがあります。
C,,,,c_builtin,C1000,INF,X99,次の実行パスで警告を検知しました。
C,../adlint.c,400,12,c_builtin,C1006,INF,X99,ここで該当変数に値を割り当てました。
C,../adlint.c,405,18,c_builtin,C1001,INF,X99,この制御式を真として評価しました。
C,../adlint.c,407,9,c_builtin,C1006,INF,X99,ここで該当変数に値を割り当てました。
W,../adlint.c,398,22,c_builtin,W0104,UNC,X99,仮引数 `table' は値が変わりません。const 付きで宣言できる可能性があります。
W,../adlint.c,398,43,c_builtin,W0104,UNC,X99,仮引数 `hd' は値が変わりません。const 付きで宣言できる可能性があります。
W,../adlint.c,422,16,c_builtin,W0195,UNC,X99,暗黙的に signed int 型から double 型に型変換されています。
W,../adlint.c,422,10,c_builtin,W0492,UNC,X99,同じ識別子名 `exp' が構造体/共用体のメンバの他に、ラベル、タグ、または通常の識別子としても使われています。
C,../adlint.c,18,10,c_builtin,C0001,INF,X99,この識別子 `exp' で警告を検知しました。
W,../adlint.c,424,16,c_builtin,W9003,UNC,X99,暗黙的に `int' 型のオブジェクトが `int(*)()' 型のオブジェクトに変換されています。
W,../adlint.c,424,18,c_builtin,W0027,UNC,X99,ポインタ型の変数に対して比較演算が行われています。
W,../adlint.c,427,23,c_builtin,W0705,UNC,X99,配列の添字が領域外を指すことがあります。
C,,,,c_builtin,C1000,INF,X99,次の実行パスで警告を検知しました。
C,../adlint.c,423,12,c_builtin,C1006,INF,X99,ここで該当変数に値を割り当てました。
C,../adlint.c,424,18,c_builtin,C1001,INF,X99,この制御式を真として評価しました。
C,../adlint.c,426,9,c_builtin,C1006,INF,X99,ここで該当変数に値を割り当てました。
W,../adlint.c,429,16,c_builtin,W9003,UNC,X99,暗黙的に `int(*)()' 型のオブジェクトが `double' 型のオブジェクトに変換されています。
W,../adlint.c,429,14,c_builtin,W0023,UNC,X99,ポインタ型の変数に対して算術演算が行われています。
W,../adlint.c,419,21,c_builtin,W0104,UNC,X99,仮引数 `table' は値が変わりません。const 付きで宣言できる可能性があります。
W,../adlint.c,419,42,c_builtin,W0104,UNC,X99,仮引数 `hd' は値が変わりません。const 付きで宣言できる可能性があります。
W,../adlint.c,443,21,c_builtin,W0109,UNC,X99,この関数の宣言が見つかりません。省略されたものとみなし、`extern int TAKE()' を挿入します。
W,../adlint.c,443,26,c_builtin,W9003,UNC,X99,暗黙的に `int' 型のオブジェクトが `int(*)()' 型のオブジェクトに変換されています。
W,../adlint.c,443,25,c_builtin,W0024,UNC,X99,ポインタ型の変数に対してインクリメントまたはデクリメントが行われています。
W,../adlint.c,443,15,c_builtin,W9003,UNC,X99,暗黙的に `int' 型のオブジェクトが `int(*)()' 型のオブジェクトに変換されています。
W,../adlint.c,443,18,c_builtin,W0027,UNC,X99,ポインタ型の変数に対して比較演算が行われています。
W,../adlint.c,443,29,c_builtin,W9003,UNC,X99,暗黙的に `enum __adlint__anon_1' 型のオブジェクトが `int' 型のオブジェクトに変換されています。
W,../adlint.c,443,7,c_builtin,W0492,UNC,X99,同じ識別子名 `type' が構造体/共用体のメンバの他に、ラベル、タグ、または通常の識別子としても使われています。
C,../adlint.c,16,8,c_builtin,C0001,INF,X99,この識別子 `type' で警告を検知しました。
W,../adlint.c,444,25,c_builtin,W9003,UNC,X99,暗黙的に `int' 型のオブジェクトが `int(*)()' 型のオブジェクトに変換されています。
W,../adlint.c,444,24,c_builtin,W0024,UNC,X99,ポインタ型の変数に対してインクリメントまたはデクリメントが行われています。
W,../adlint.c,444,14,c_builtin,W9003,UNC,X99,暗黙的に `int' 型のオブジェクトが `int(*)()' 型のオブジェクトに変換されています。
W,../adlint.c,444,17,c_builtin,W0027,UNC,X99,ポインタ型の変数に対して比較演算が行われています。
W,../adlint.c,444,7,c_builtin,W0492,UNC,X99,同じ識別子名 `val' が構造体/共用体のメンバの他に、ラベル、タグ、または通常の識別子としても使われています。
C,../adlint.c,17,7,c_builtin,C0001,INF,X99,この識別子 `val' で警告を検知しました。
W,../adlint.c,449,16,c_builtin,W0705,UNC,X99,配列の添字が領域外を指すことがあります。
C,,,,c_builtin,C1000,INF,X99,次の実行パスで警告を検知しました。
C,../adlint.c,442,12,c_builtin,C1006,INF,X99,ここで該当変数に値を割り当てました。
C,../adlint.c,446,18,c_builtin,C1001,INF,X99,この制御式を真として評価しました。
C,../adlint.c,448,9,c_builtin,C1006,INF,X99,ここで該当変数に値を割り当てました。
W,../adlint.c,449,28,c_builtin,W9003,UNC,X99,暗黙的に `int' 型のオブジェクトが `Type' 型のオブジェクトに変換されています。
W,../adlint.c,449,26,c_builtin,W1054,UNC,X99,列挙型に、列挙型ではない式が代入されています。
W,../adlint.c,449,26,c_builtin,W1062,UNC,X99,異なる型の非定数式の値が列挙型オブジェクトに代入されています。
W,../adlint.c,450,16,c_builtin,W0705,UNC,X99,配列の添字が領域外を指すことがあります。
C,,,,c_builtin,C1000,INF,X99,次の実行パスで警告を検知しました。
C,../adlint.c,442,12,c_builtin,C1006,INF,X99,ここで該当変数に値を割り当てました。
C,../adlint.c,446,18,c_builtin,C1001,INF,X99,この制御式を真として評価しました。
C,../adlint.c,448,9,c_builtin,C1006,INF,X99,ここで該当変数に値を割り当てました。
W,../adlint.c,452,16,c_builtin,W9003,UNC,X99,暗黙的に `int' 型のオブジェクトが `int(*)()' 型のオブジェクトに変換されています。
W,../adlint.c,452,18,c_builtin,W0027,UNC,X99,ポインタ型の変数に対して比較演算が行われています。
W,../adlint.c,455,16,c_builtin,W0705,UNC,X99,配列の添字が領域外を指すことがあります。
C,,,,c_builtin,C1000,INF,X99,次の実行パスで警告を検知しました。
C,../adlint.c,442,12,c_builtin,C1006,INF,X99,ここで該当変数に値を割り当てました。
C,../adlint.c,446,18,c_builtin,C1001,INF,X99,この制御式を真として評価しました。
C,../adlint.c,448,9,c_builtin,C1006,INF,X99,ここで該当変数に値を割り当てました。
C,../adlint.c,452,18,c_builtin,C1001,INF,X99,この制御式を真として評価しました。
C,../adlint.c,454,9,c_builtin,C1006,INF,X99,ここで該当変数に値を割り当てました。
W,../adlint.c,456,16,c_builtin,W0705,UNC,X99,配列の添字が領域外を指すことがあります。
C,,,,c_builtin,C1000,INF,X99,次の実行パスで警告を検知しました。
C,../adlint.c,442,12,c_builtin,C1006,INF,X99,ここで該当変数に値を割り当てました。
C,../adlint.c,446,18,c_builtin,C1001,INF,X99,この制御式を真として評価しました。
C,../adlint.c,448,9,c_builtin,C1006,INF,X99,ここで該当変数に値を割り当てました。
C,../adlint.c,452,18,c_builtin,C1001,INF,X99,この制御式を真として評価しました。
C,../adlint.c,454,9,c_builtin,C1006,INF,X99,ここで該当変数に値を割り当てました。
W,../adlint.c,443,7,c_builtin,W0100,UNC,X99,変数 `type' は初期値を設定後に再代入されません。変数を const 付きで初期値を指定して定義できる可能性があります。
W,../adlint.c,444,7,c_builtin,W0100,UNC,X99,変数 `val' は初期値を設定後に再代入されません。変数を const 付きで初期値を指定して定義できる可能性があります。
W,../adlint.c,439,43,c_builtin,W0104,UNC,X99,仮引数 `hd' は値が変わりません。const 付きで宣言できる可能性があります。
W,../adlint.c,439,53,c_builtin,W0104,UNC,X99,仮引数 `st' は値が変わりません。const 付きで宣言できる可能性があります。
W,../adlint.c,439,63,c_builtin,W0104,UNC,X99,仮引数 `sn' は値が変わりません。const 付きで宣言できる可能性があります。
W,../adlint.c,439,71,c_builtin,W0104,UNC,X99,仮引数 `tk' は値が変わりません。const 付きで宣言できる可能性があります。
W,../adlint.c,468,16,c_builtin,W9003,UNC,X99,暗黙的に `int' 型のオブジェクトが `int(*)()' 型のオブジェクトに変換されています。
W,../adlint.c,468,18,c_builtin,W0027,UNC,X99,ポインタ型の変数に対して比較演算が行われています。
W,../adlint.c,469,16,c_builtin,W9003,UNC,X99,暗黙的に `int' 型のオブジェクトが `int(*)()' 型のオブジェクトに変換されています。
W,../adlint.c,469,18,c_builtin,W0027,UNC,X99,ポインタ型の変数に対して比較演算が行われています。
W,../adlint.c,473,16,c_builtin,W0609,UNC,X99,この論理演算の結果は常に真になります。
W,../adlint.c,473,16,c_builtin,W0612,UNC,X99,この if 条件式の値は常に真です。
W,../adlint.c,474,21,c_builtin,W9003,UNC,X99,暗黙的に `int' 型のオブジェクトが `int(*)()' 型のオブジェクトに変換されています。
W,../adlint.c,474,23,c_builtin,W0027,UNC,X99,ポインタ型の変数に対して比較演算が行われています。
W,../adlint.c,475,20,c_builtin,W0610,UNC,X99,この論理演算の結果は常に偽になります。
W,../adlint.c,475,20,c_builtin,W0613,UNC,X99,この制御式の値は常に偽になります。
W,../adlint.c,463,33,c_builtin,W0104,UNC,X99,仮引数 `sn' は値が変わりません。const 付きで宣言できる可能性があります。
W,../adlint.c,463,41,c_builtin,W0104,UNC,X99,仮引数 `hd' は値が変わりません。const 付きで宣言できる可能性があります。
W,../adlint.c,463,51,c_builtin,W0104,UNC,X99,仮引数 `ud' は値が変わりません。const 付きで宣言できる可能性があります。
W,../adlint.c,463,61,c_builtin,W0104,UNC,X99,仮引数 `us' は値が変わりません。const 付きで宣言できる可能性があります。
W,../adlint.c,494,7,c_builtin,W0109,UNC,X99,この関数の宣言が見つかりません。省略されたものとみなし、`extern int printf()' を挿入します。
W,../adlint.c,494,14,c_builtin,W0635,UNC,X99,1 番目の変換指定子と、対応する実引数の型が合いません。
W,../adlint.c,496,13,c_builtin,W0581,UNC,X99,実引数の個数か型が、この関数の以前の使用時と異なります。
W,../adlint.c,497,13,c_builtin,W0581,UNC,X99,実引数の個数か型が、この関数の以前の使用時と異なります。
W,../adlint.c,499,5,c_builtin,W0109,UNC,X99,この関数の宣言が見つかりません。省略されたものとみなし、`extern int puts()' を挿入します。
W,../adlint.c,489,24,c_builtin,W0104,UNC,X99,仮引数 `table' は値が変わりません。const 付きで宣言できる可能性があります。
W,../adlint.c,494,13,c_builtin,W1073,UNC,X99,関数 `printf' の戻り値を破棄しています。
W,../adlint.c,496,13,c_builtin,W1073,UNC,X99,関数 `printf' の戻り値を破棄しています。
W,../adlint.c,497,13,c_builtin,W1073,UNC,X99,関数 `printf' の戻り値を破棄しています。
W,../adlint.c,499,9,c_builtin,W1073,UNC,X99,関数 `puts' の戻り値を破棄しています。
W,../adlint.c,103,32,c_builtin,W0828,UNC,X99,ネストされた配列の初期値の各要素が `{}' で囲まれていません。
W,../adlint.c,113,8,c_builtin,W0490,UNC,X99,二項演算子が、`&&' あるいは `||' と共に使われています。`()' で結合を明確にすることを勧めます。
W,../adlint.c,113,8,c_builtin,W0502,UNC,X99,+ - * / % 以外の二項演算子が、異なる優先順位の二項演算子と共に使われています。`()' で結合を明確にすることを勧めます。
W,../adlint.c,114,8,c_builtin,W0490,UNC,X99,二項演算子が、`&&' あるいは `||' と共に使われています。`()' で結合を明確にすることを勧めます。
W,../adlint.c,114,8,c_builtin,W0502,UNC,X99,+ - * / % 以外の二項演算子が、異なる優先順位の二項演算子と共に使われています。`()' で結合を明確にすることを勧めます。
W,../adlint.c,115,8,c_builtin,W0490,UNC,X99,二項演算子が、`&&' あるいは `||' と共に使われています。`()' で結合を明確にすることを勧めます。
W,../adlint.c,115,8,c_builtin,W0499,UNC,X99,+ - * / % 以外の二項演算子のうち、同じ優先順位の異なる二項演算子が共に使われています。`()' で結合を明確にすることを勧めます。
W,../adlint.c,115,8,c_builtin,W0502,UNC,X99,+ - * / % 以外の二項演算子が、異なる優先順位の二項演算子と共に使われています。`()' で結合を明確にすることを勧めます。
W,../adlint.c,116,8,c_builtin,W0490,UNC,X99,二項演算子が、`&&' あるいは `||' と共に使われています。`()' で結合を明確にすることを勧めます。
W,../adlint.c,116,8,c_builtin,W0499,UNC,X99,+ - * / % 以外の二項演算子のうち、同じ優先順位の異なる二項演算子が共に使われています。`()' で結合を明確にすることを勧めます。
W,../adlint.c,116,8,c_builtin,W0502,UNC,X99,+ - * / % 以外の二項演算子が、異なる優先順位の二項演算子と共に使われています。`()' で結合を明確にすることを勧めます。
W,../adlint.c,117,8,c_builtin,W0490,UNC,X99,二項演算子が、`&&' あるいは `||' と共に使われています。`()' で結合を明確にすることを勧めます。
W,../adlint.c,117,8,c_builtin,W0499,UNC,X99,+ - * / % 以外の二項演算子のうち、同じ優先順位の異なる二項演算子が共に使われています。`()' で結合を明確にすることを勧めます。
W,../adlint.c,117,8,c_builtin,W0502,UNC,X99,+ - * / % 以外の二項演算子が、異なる優先順位の二項演算子と共に使われています。`()' で結合を明確にすることを勧めます。
W,../adlint.c,139,17,c_builtin,W0502,UNC,X99,+ - * / % 以外の二項演算子が、異なる優先順位の二項演算子と共に使われています。`()' で結合を明確にすることを勧めます。
W,../adlint.c,141,22,c_builtin,W0502,UNC,X99,+ - * / % 以外の二項演算子が、異なる優先順位の二項演算子と共に使われています。`()' で結合を明確にすることを勧めます。
W,../adlint.c,143,24,c_builtin,W0502,UNC,X99,+ - * / % 以外の二項演算子が、異なる優先順位の二項演算子と共に使われています。`()' で結合を明確にすることを勧めます。
W,../adlint.c,145,26,c_builtin,W0502,UNC,X99,+ - * / % 以外の二項演算子が、異なる優先順位の二項演算子と共に使われています。`()' で結合を明確にすることを勧めます。
W,../adlint.c,176,30,c_builtin,W0828,UNC,X99,ネストされた配列の初期値の各要素が `{}' で囲まれていません。
W,../adlint.c,277,7,c_builtin,W0498,UNC,X99,二項演算子 + - * / のうち、同じ優先順位の異なる演算子が共に使われています。`()' で結合を明確にすることを勧めます。
W,../adlint.c,277,31,c_builtin,W0498,UNC,X99,二項演算子 + - * / のうち、同じ優先順位の異なる演算子が共に使われています。`()' で結合を明確にすることを勧めます。
W,../adlint.c,277,25,c_builtin,W0501,UNC,X99,三項演算子が、二項演算子と共に使われています。`()' で結合を明確にすることを勧めます。
W,../adlint.c,277,7,c_builtin,W0502,UNC,X99,+ - * / % 以外の二項演算子が、異なる優先順位の二項演算子と共に使われています。`()' で結合を明確にすることを勧めます。
W,../adlint.c,278,7,c_builtin,W0498,UNC,X99,二項演算子 + - * / のうち、同じ優先順位の異なる演算子が共に使われています。`()' で結合を明確にすることを勧めます。
W,../adlint.c,278,41,c_builtin,W0498,UNC,X99,二項演算子 + - * / のうち、同じ優先順位の異なる演算子が共に使われています。`()' で結合を明確にすることを勧めます。
W,../adlint.c,278,30,c_builtin,W0501,UNC,X99,三項演算子が、二項演算子と共に使われています。`()' で結合を明確にすることを勧めます。
W,../adlint.c,278,7,c_builtin,W0502,UNC,X99,+ - * / % 以外の二項演算子が、異なる優先順位の二項演算子と共に使われています。`()' で結合を明確にすることを勧めます。
W,../adlint.c,283,13,c_builtin,W0490,UNC,X99,二項演算子が、`&&' あるいは `||' と共に使われています。`()' で結合を明確にすることを勧めます。
W,../adlint.c,283,13,c_builtin,W0499,UNC,X99,+ - * / % 以外の二項演算子のうち、同じ優先順位の異なる二項演算子が共に使われています。`()' で結合を明確にすることを勧めます。
W,../adlint.c,283,13,c_builtin,W0502,UNC,X99,+ - * / % 以外の二項演算子が、異なる優先順位の二項演算子と共に使われています。`()' で結合を明確にすることを勧めます。
W,../adlint.c,287,67,c_builtin,W0605,UNC,X99,繰り返し文を終了させる目的で、break 文が二つ以上使用されています。
W,../adlint.c,310,7,c_builtin,W0498,UNC,X99,二項演算子 + - * / のうち、同じ優先順位の異なる演算子が共に使われています。`()' で結合を明確にすることを勧めます。
W,../adlint.c,310,31,c_builtin,W0498,UNC,X99,二項演算子 + - * / のうち、同じ優先順位の異なる演算子が共に使われています。`()' で結合を明確にすることを勧めます。
W,../adlint.c,310,25,c_builtin,W0501,UNC,X99,三項演算子が、二項演算子と共に使われています。`()' で結合を明確にすることを勧めます。
W,../adlint.c,310,7,c_builtin,W0502,UNC,X99,+ - * / % 以外の二項演算子が、異なる優先順位の二項演算子と共に使われています。`()' で結合を明確にすることを勧めます。
W,../adlint.c,311,7,c_builtin,W0498,UNC,X99,二項演算子 + - * / のうち、同じ優先順位の異なる演算子が共に使われています。`()' で結合を明確にすることを勧めます。
W,../adlint.c,311,41,c_builtin,W0498,UNC,X99,二項演算子 + - * / のうち、同じ優先順位の異なる演算子が共に使われています。`()' で結合を明確にすることを勧めます。
W,../adlint.c,311,30,c_builtin,W0501,UNC,X99,三項演算子が、二項演算子と共に使われています。`()' で結合を明確にすることを勧めます。
W,../adlint.c,311,7,c_builtin,W0502,UNC,X99,+ - * / % 以外の二項演算子が、異なる優先順位の二項演算子と共に使われています。`()' で結合を明確にすることを勧めます。
W,../adlint.c,318,13,c_builtin,W0490,UNC,X99,二項演算子が、`&&' あるいは `||' と共に使われています。`()' で結合を明確にすることを勧めます。
W,../adlint.c,318,13,c_builtin,W0499,UNC,X99,+ - * / % 以外の二項演算子のうち、同じ優先順位の異なる二項演算子が共に使われています。`()' で結合を明確にすることを勧めます。
W,../adlint.c,318,13,c_builtin,W0502,UNC,X99,+ - * / % 以外の二項演算子が、異なる優先順位の二項演算子と共に使われています。`()' で結合を明確にすることを勧めます。
W,../adlint.c,348,8,c_builtin,W0490,UNC,X99,二項演算子が、`&&' あるいは `||' と共に使われています。`()' で結合を明確にすることを勧めます。
W,../adlint.c,348,8,c_builtin,W0502,UNC,X99,+ - * / % 以外の二項演算子が、異なる優先順位の二項演算子と共に使われています。`()' で結合を明確にすることを勧めます。
W,../adlint.c,372,8,c_builtin,W0490,UNC,X99,二項演算子が、`&&' あるいは `||' と共に使われています。`()' で結合を明確にすることを勧めます。
W,../adlint.c,372,8,c_builtin,W0499,UNC,X99,+ - * / % 以外の二項演算子のうち、同じ優先順位の異なる二項演算子が共に使われています。`()' で結合を明確にすることを勧めます。
W,../adlint.c,372,8,c_builtin,W0502,UNC,X99,+ - * / % 以外の二項演算子が、異なる優先順位の二項演算子と共に使われています。`()' で結合を明確にすることを勧めます。
W,../adlint.c,378,34,c_builtin,W0828,UNC,X99,ネストされた配列の初期値の各要素が `{}' で囲まれていません。
W,../adlint.c,443,14,c_builtin,W0502,UNC,X99,+ - * / % 以外の二項演算子が、異なる優先順位の二項演算子と共に使われています。`()' で結合を明確にすることを勧めます。
W,../adlint.c,444,13,c_builtin,W0502,UNC,X99,+ - * / % 以外の二項演算子が、異なる優先順位の二項演算子と共に使われています。`()' で結合を明確にすることを勧めます。
W,../adlint.c,475,30,c_builtin,W9001,UNC,X99,この文には制御が到達しません。
W,../adlint.c,475,50,c_builtin,W9001,UNC,X99,この文には制御が到達しません。
W,../adlint.c,494,14,c_builtin,W0947,UNC,X99,文字列リテラルが直接使われています。
W,../adlint.c,496,14,c_builtin,W0947,UNC,X99,文字列リテラルが直接使われています。
W,../adlint.c,497,14,c_builtin,W0947,UNC,X99,文字列リテラルが直接使われています。
W,../adlint.c,499,10,c_builtin,W0947,UNC,X99,文字列リテラルが直接使われています。
W,../adlint.c,77,19,c_builtin,W0425,UNC,X99,一つの行に複数の宣言または文が存在します。
W,../adlint.c,77,31,c_builtin,W0425,UNC,X99,一つの行に複数の宣言または文が存在します。
W,../adlint.c,130,18,c_builtin,W0425,UNC,X99,一つの行に複数の宣言または文が存在します。
W,../adlint.c,132,11,c_builtin,W0425,UNC,X99,一つの行に複数の宣言または文が存在します。
W,../adlint.c,132,15,c_builtin,W0425,UNC,X99,一つの行に複数の宣言または文が存在します。
W,../adlint.c,132,19,c_builtin,W0425,UNC,X99,一つの行に複数の宣言または文が存在します。
W,../adlint.c,132,23,c_builtin,W0425,UNC,X99,一つの行に複数の宣言または文が存在します。
W,../adlint.c,150,39,c_builtin,W0425,UNC,X99,一つの行に複数の宣言または文が存在します。
W,../adlint.c,173,11,c_builtin,W0425,UNC,X99,一つの行に複数の宣言または文が存在します。
W,../adlint.c,192,12,c_builtin,W0425,UNC,X99,一つの行に複数の宣言または文が存在します。
W,../adlint.c,196,25,c_builtin,W0425,UNC,X99,一つの行に複数の宣言または文が存在します。
W,../adlint.c,252,47,c_builtin,W0425,UNC,X99,一つの行に複数の宣言または文が存在します。
W,../adlint.c,264,10,c_builtin,W0425,UNC,X99,一つの行に複数の宣言または文が存在します。
W,../adlint.c,264,14,c_builtin,W0425,UNC,X99,一つの行に複数の宣言または文が存在します。
W,../adlint.c,268,10,c_builtin,W0425,UNC,X99,一つの行に複数の宣言または文が存在します。
W,../adlint.c,286,61,c_builtin,W0425,UNC,X99,一つの行に複数の宣言または文が存在します。
W,../adlint.c,287,67,c_builtin,W0425,UNC,X99,一つの行に複数の宣言または文が存在します。
W,../adlint.c,304,11,c_builtin,W0425,UNC,X99,一つの行に複数の宣言または文が存在します。
W,../adlint.c,307,10,c_builtin,W0425,UNC,X99,一つの行に複数の宣言または文が存在します。
W,../adlint.c,370,11,c_builtin,W0425,UNC,X99,一つの行に複数の宣言または文が存在します。
W,../adlint.c,400,12,c_builtin,W0425,UNC,X99,一つの行に複数の宣言または文が存在します。
W,../adlint.c,423,12,c_builtin,W0425,UNC,X99,一つの行に複数の宣言または文が存在します。
W,../adlint.c,442,12,c_builtin,W0425,UNC,X99,一つの行に複数の宣言または文が存在します。
W,../adlint.c,465,10,c_builtin,W0425,UNC,X99,一つの行に複数の宣言または文が存在します。
W,../adlint.c,465,13,c_builtin,W0425,UNC,X99,一つの行に複数の宣言または文が存在します。
W,../adlint.c,469,45,c_builtin,W0425,UNC,X99,一つの行に複数の宣言または文が存在します。
W,../adlint.c,470,43,c_builtin,W0425,UNC,X99,一つの行に複数の宣言または文が存在します。
W,../adlint.c,475,50,c_builtin,W0425,UNC,X99,一つの行に複数の宣言または文が存在します。
W,../adlint.c,491,11,c_builtin,W0425,UNC,X99,一つの行に複数の宣言または文が存在します。
W,../adlint.c,16,3,c_builtin,W0432,UNC,X99,この行はプロジェクトのインデントスタイルと合っていません。
W,../adlint.c,17,3,c_builtin,W0432,UNC,X99,この行はプロジェクトのインデントスタイルと合っていません。
W,../adlint.c,18,3,c_builtin,W0432,UNC,X99,この行はプロジェクトのインデントスタイルと合っていません。
W,../adlint.c,77,3,c_builtin,W0432,UNC,X99,この行はプロジェクトのインデントスタイルと合っていません。
W,../adlint.c,78,3,c_builtin,W0432,UNC,X99,この行はプロジェクトのインデントスタイルと合っていません。
W,../adlint.c,80,3,c_builtin,W0432,UNC,X99,この行はプロジェクトのインデントスタイルと合っていません。
W,../adlint.c,82,3,c_builtin,W0432,UNC,X99,この行はプロジェクトのインデントスタイルと合っていません。
W,../adlint.c,84,3,c_builtin,W0432,UNC,X99,この行はプロジェクトのインデントスタイルと合っていません。
W,../adlint.c,85,3,c_builtin,W0432,UNC,X99,この行はプロジェクトのインデントスタイルと合っていません。
W,../adlint.c,87,3,c_builtin,W0432,UNC,X99,この行はプロジェクトのインデントスタイルと合っていません。
W,../adlint.c,103,3,c_builtin,W0432,UNC,X99,この行はプロジェクトのインデントスタイルと合っていません。
W,../adlint.c,104,3,c_builtin,W0432,UNC,X99,この行はプロジェクトのインデントスタイルと合っていません。
W,../adlint.c,106,3,c_builtin,W0432,UNC,X99,この行はプロジェクトのインデントスタイルと合っていません。
W,../adlint.c,108,3,c_builtin,W0432,UNC,X99,この行はプロジェクトのインデントスタイルと合っていません。
W,../adlint.c,109,3,c_builtin,W0432,UNC,X99,この行はプロジェクトのインデントスタイルと合っていません。
W,../adlint.c,111,3,c_builtin,W0432,UNC,X99,この行はプロジェクトのインデントスタイルと合っていません。
W,../adlint.c,113,3,c_builtin,W0432,UNC,X99,この行はプロジェクトのインデントスタイルと合っていません。
W,../adlint.c,114,3,c_builtin,W0432,UNC,X99,この行はプロジェクトのインデントスタイルと合っていません。
W,../adlint.c,115,3,c_builtin,W0432,UNC,X99,この行はプロジェクトのインデントスタイルと合っていません。
W,../adlint.c,116,3,c_builtin,W0432,UNC,X99,この行はプロジェクトのインデントスタイルと合っていません。
W,../adlint.c,117,3,c_builtin,W0432,UNC,X99,この行はプロジェクトのインデントスタイルと合っていません。
W,../adlint.c,118,3,c_builtin,W0432,UNC,X99,この行はプロジェクトのインデントスタイルと合っていません。
W,../adlint.c,122,3,c_builtin,W0432,UNC,X99,この行はプロジェクトのインデントスタイルと合っていません。
W,../adlint.c,130,3,c_builtin,W0432,UNC,X99,この行はプロジェクトのインデントスタイルと合っていません。
W,../adlint.c,131,3,c_builtin,W0432,UNC,X99,この行はプロジェクトのインデントスタイルと合っていません。
W,../adlint.c,132,3,c_builtin,W0432,UNC,X99,この行はプロジェクトのインデントスタイルと合っていません。
W,../adlint.c,133,3,c_builtin,W0432,UNC,X99,この行はプロジェクトのインデントスタイルと合っていません。
W,../adlint.c,134,3,c_builtin,W0432,UNC,X99,この行はプロジェクトのインデントスタイルと合っていません。
W,../adlint.c,136,3,c_builtin,W0432,UNC,X99,この行はプロジェクトのインデントスタイルと合っていません。
W,../adlint.c,137,3,c_builtin,W0432,UNC,X99,この行はプロジェクトのインデントスタイルと合っていません。
W,../adlint.c,139,3,c_builtin,W0432,UNC,X99,この行はプロジェクトのインデントスタイルと合っていません。
W,../adlint.c,140,5,c_builtin,W0432,UNC,X99,この行はプロジェクトのインデントスタイルと合っていません。
W,../adlint.c,141,5,c_builtin,W0432,UNC,X99,この行はプロジェクトのインデントスタイルと合っていません。
W,../adlint.c,142,7,c_builtin,W0432,UNC,X99,この行はプロジェクトのインデントスタイルと合っていません。
W,../adlint.c,143,7,c_builtin,W0432,UNC,X99,この行はプロジェクトのインデントスタイルと合っていません。
W,../adlint.c,144,9,c_builtin,W0432,UNC,X99,この行はプロジェクトのインデントスタイルと合っていません。
W,../adlint.c,145,9,c_builtin,W0432,UNC,X99,この行はプロジェクトのインデントスタイルと合っていません。
W,../adlint.c,146,11,c_builtin,W0432,UNC,X99,この行はプロジェクトのインデントスタイルと合っていません。
W,../adlint.c,147,11,c_builtin,W0432,UNC,X99,この行はプロジェクトのインデントスタイルと合っていません。
W,../adlint.c,148,13,c_builtin,W0432,UNC,X99,この行はプロジェクトのインデントスタイルと合っていません。
W,../adlint.c,149,13,c_builtin,W0432,UNC,X99,この行はプロジェクトのインデントスタイルと合っていません。
W,../adlint.c,150,13,c_builtin,W0432,UNC,X99,この行はプロジェクトのインデントスタイルと合っていません。
W,../adlint.c,151,11,c_builtin,W0432,UNC,X99,この行はプロジェクトのインデントスタイルと合っていません。
W,../adlint.c,152,9,c_builtin,W0432,UNC,X99,この行はプロジェクトのインデントスタイルと合っていません。
W,../adlint.c,153,7,c_builtin,W0432,UNC,X99,この行はプロジェクトのインデントスタイルと合っていません。
W,../adlint.c,154,5,c_builtin,W0432,UNC,X99,この行はプロジェクトのインデントスタイルと合っていません。
W,../adlint.c,155,3,c_builtin,W0432,UNC,X99,この行はプロジェクトのインデントスタイルと合っていません。
W,../adlint.c,157,3,c_builtin,W0432,UNC,X99,この行はプロジェクトのインデントスタイルと合っていません。
W,../adlint.c,158,5,c_builtin,W0432,UNC,X99,この行はプロジェクトのインデントスタイルと合っていません。
W,../adlint.c,159,5,c_builtin,W0432,UNC,X99,この行はプロジェクトのインデントスタイルと合っていません。
W,../adlint.c,160,7,c_builtin,W0432,UNC,X99,この行はプロジェクトのインデントスタイルと合っていません。
W,../adlint.c,161,5,c_builtin,W0432,UNC,X99,この行はプロジェクトのインデントスタイルと合っていません。
W,../adlint.c,162,5,c_builtin,W0432,UNC,X99,この行はプロジェクトのインデントスタイルと合っていません。
W,../adlint.c,163,3,c_builtin,W0432,UNC,X99,この行はプロジェクトのインデントスタイルと合っていません。
W,../adlint.c,165,3,c_builtin,W0432,UNC,X99,この行はプロジェクトのインデントスタイルと合っていません。
W,../adlint.c,173,3,c_builtin,W0432,UNC,X99,この行はプロジェクトのインデントスタイルと合っていません。
W,../adlint.c,174,3,c_builtin,W0432,UNC,X99,この行はプロジェクトのインデントスタイルと合っていません。
W,../adlint.c,175,3,c_builtin,W0432,UNC,X99,この行はプロジェクトのインデントスタイルと合っていません。
W,../adlint.c,176,3,c_builtin,W0432,UNC,X99,この行はプロジェクトのインデントスタイルと合っていません。
W,../adlint.c,178,3,c_builtin,W0432,UNC,X99,この行はプロジェクトのインデントスタイルと合っていません。
W,../adlint.c,179,3,c_builtin,W0432,UNC,X99,この行はプロジェクトのインデントスタイルと合っていません。
W,../adlint.c,180,3,c_builtin,W0432,UNC,X99,この行はプロジェクトのインデントスタイルと合っていません。
W,../adlint.c,181,5,c_builtin,W0432,UNC,X99,この行はプロジェクトのインデントスタイルと合っていません。
W,../adlint.c,182,7,c_builtin,W0432,UNC,X99,この行はプロジェクトのインデントスタイルと合っていません。
W,../adlint.c,183,5,c_builtin,W0432,UNC,X99,この行はプロジェクトのインデントスタイルと合っていません。
W,../adlint.c,184,3,c_builtin,W0432,UNC,X99,この行はプロジェクトのインデントスタイルと合っていません。
W,../adlint.c,192,3,c_builtin,W0432,UNC,X99,この行はプロジェクトのインデントスタイルと合っていません。
W,../adlint.c,193,3,c_builtin,W0432,UNC,X99,この行はプロジェクトのインデントスタイルと合っていません。
W,../adlint.c,195,3,c_builtin,W0432,UNC,X99,この行はプロジェクトのインデントスタイルと合っていません。
W,../adlint.c,196,5,c_builtin,W0432,UNC,X99,この行はプロジェクトのインデントスタイルと合っていません。
W,../adlint.c,197,5,c_builtin,W0432,UNC,X99,この行はプロジェクトのインデントスタイルと合っていません。
W,../adlint.c,198,5,c_builtin,W0432,UNC,X99,この行はプロジェクトのインデントスタイルと合っていません。
W,../adlint.c,199,5,c_builtin,W0432,UNC,X99,この行はプロジェクトのインデントスタイルと合っていません。
W,../adlint.c,200,5,c_builtin,W0432,UNC,X99,この行はプロジェクトのインデントスタイルと合っていません。
W,../adlint.c,201,5,c_builtin,W0432,UNC,X99,この行はプロジェクトのインデントスタイルと合っていません。
W,../adlint.c,202,3,c_builtin,W0432,UNC,X99,この行はプロジェクトのインデントスタイルと合っていません。
W,../adlint.c,210,3,c_builtin,W0432,UNC,X99,この行はプロジェクトのインデントスタイルと合っていません。
W,../adlint.c,211,3,c_builtin,W0432,UNC,X99,この行はプロジェクトのインデントスタイルと合っていません。
W,../adlint.c,212,3,c_builtin,W0432,UNC,X99,この行はプロジェクトのインデントスタイルと合っていません。
W,../adlint.c,213,3,c_builtin,W0432,UNC,X99,この行はプロジェクトのインデントスタイルと合っていません。
W,../adlint.c,214,3,c_builtin,W0432,UNC,X99,この行はプロジェクトのインデントスタイルと合っていません。
W,../adlint.c,216,3,c_builtin,W0432,UNC,X99,この行はプロジェクトのインデントスタイルと合っていません。
W,../adlint.c,217,5,c_builtin,W0432,UNC,X99,この行はプロジェクトのインデントスタイルと合っていません。
W,../adlint.c,218,5,c_builtin,W0432,UNC,X99,この行はプロジェクトのインデントスタイルと合っていません。
W,../adlint.c,219,5,c_builtin,W0432,UNC,X99,この行はプロジェクトのインデントスタイルと合っていません。
W,../adlint.c,220,3,c_builtin,W0432,UNC,X99,この行はプロジェクトのインデントスタイルと合っていません。
W,../adlint.c,223,3,c_builtin,W0432,UNC,X99,この行はプロジェクトのインデントスタイルと合っていません。
W,../adlint.c,224,5,c_builtin,W0432,UNC,X99,この行はプロジェクトのインデントスタイルと合っていません。
W,../adlint.c,225,5,c_builtin,W0432,UNC,X99,この行はプロジェクトのインデントスタイルと合っていません。
W,../adlint.c,226,3,c_builtin,W0432,UNC,X99,この行はプロジェクトのインデントスタイルと合っていません。
W,../adlint.c,228,3,c_builtin,W0432,UNC,X99,この行はプロジェクトのインデントスタイルと合っていません。
W,../adlint.c,236,3,c_builtin,W0432,UNC,X99,この行はプロジェクトのインデントスタイルと合っていません。
W,../adlint.c,237,3,c_builtin,W0432,UNC,X99,この行はプロジェクトのインデントスタイルと合っていません。
W,../adlint.c,238,3,c_builtin,W0432,UNC,X99,この行はプロジェクトのインデントスタイルと合っていません。
W,../adlint.c,239,3,c_builtin,W0432,UNC,X99,この行はプロジェクトのインデントスタイルと合っていません。
W,../adlint.c,240,3,c_builtin,W0432,UNC,X99,この行はプロジェクトのインデントスタイルと合っていません。
W,../adlint.c,241,3,c_builtin,W0432,UNC,X99,この行はプロジェクトのインデントスタイルと合っていません。
W,../adlint.c,242,3,c_builtin,W0432,UNC,X99,この行はプロジェクトのインデントスタイルと合っていません。
W,../adlint.c,244,3,c_builtin,W0432,UNC,X99,この行はプロジェクトのインデントスタイルと合っていません。
W,../adlint.c,245,5,c_builtin,W0432,UNC,X99,この行はプロジェクトのインデントスタイルと合っていません。
W,../adlint.c,246,5,c_builtin,W0432,UNC,X99,この行はプロジェクトのインデントスタイルと合っていません。
W,../adlint.c,247,5,c_builtin,W0432,UNC,X99,この行はプロジェクトのインデントスタイルと合っていません。
W,../adlint.c,248,3,c_builtin,W0432,UNC,X99,この行はプロジェクトのインデントスタイルと合っていません。
W,../adlint.c,251,3,c_builtin,W0432,UNC,X99,この行はプロジェクトのインデントスタイルと合っていません。
W,../adlint.c,252,5,c_builtin,W0432,UNC,X99,この行はプロジェクトのインデントスタイルと合っていません。
W,../adlint.c,253,5,c_builtin,W0432,UNC,X99,この行はプロジェクトのインデントスタイルと合っていません。
W,../adlint.c,254,3,c_builtin,W0432,UNC,X99,この行はプロジェクトのインデントスタイルと合っていません。
W,../adlint.c,256,3,c_builtin,W0432,UNC,X99,この行はプロジェクトのインデントスタイルと合っていません。
W,../adlint.c,264,3,c_builtin,W0432,UNC,X99,この行はプロジェクトのインデントスタイルと合っていません。
W,../adlint.c,265,3,c_builtin,W0432,UNC,X99,この行はプロジェクトのインデントスタイルと合っていません。
W,../adlint.c,266,3,c_builtin,W0432,UNC,X99,この行はプロジェクトのインデントスタイルと合っていません。
W,../adlint.c,267,3,c_builtin,W0432,UNC,X99,この行はプロジェクトのインデントスタイルと合っていません。
W,../adlint.c,268,3,c_builtin,W0432,UNC,X99,この行はプロジェクトのインデントスタイルと合っていません。
W,../adlint.c,271,3,c_builtin,W0432,UNC,X99,この行はプロジェクトのインデントスタイルと合っていません。
W,../adlint.c,272,5,c_builtin,W0432,UNC,X99,この行はプロジェクトのインデントスタイルと合っていません。
W,../adlint.c,273,3,c_builtin,W0432,UNC,X99,この行はプロジェクトのインデントスタイルと合っていません。
W,../adlint.c,274,3,c_builtin,W0432,UNC,X99,この行はプロジェクトのインデントスタイルと合っていません。
W,../adlint.c,277,3,c_builtin,W0432,UNC,X99,この行はプロジェクトのインデントスタイルと合っていません。
W,../adlint.c,278,3,c_builtin,W0432,UNC,X99,この行はプロジェクトのインデントスタイルと合っていません。
W,../adlint.c,280,3,c_builtin,W0432,UNC,X99,この行はプロジェクトのインデントスタイルと合っていません。
W,../adlint.c,281,5,c_builtin,W0432,UNC,X99,この行はプロジェクトのインデントスタイルと合っていません。
W,../adlint.c,282,5,c_builtin,W0432,UNC,X99,この行はプロジェクトのインデントスタイルと合っていません。
W,../adlint.c,283,5,c_builtin,W0432,UNC,X99,この行はプロジェクトのインデントスタイルと合っていません。
W,../adlint.c,284,7,c_builtin,W0432,UNC,X99,この行はプロジェクトのインデントスタイルと合っていません。
W,../adlint.c,285,7,c_builtin,W0432,UNC,X99,この行はプロジェクトのインデントスタイルと合っていません。
W,../adlint.c,286,9,c_builtin,W0432,UNC,X99,この行はプロジェクトのインデントスタイルと合っていません。
W,../adlint.c,287,9,c_builtin,W0432,UNC,X99,この行はプロジェクトのインデントスタイルと合っていません。
W,../adlint.c,288,9,c_builtin,W0432,UNC,X99,この行はプロジェクトのインデントスタイルと合っていません。
W,../adlint.c,289,7,c_builtin,W0432,UNC,X99,この行はプロジェクトのインデントスタイルと合っていません。
W,../adlint.c,290,7,c_builtin,W0432,UNC,X99,この行はプロジェクトのインデントスタイルと合っていません。
W,../adlint.c,291,7,c_builtin,W0432,UNC,X99,この行はプロジェクトのインデントスタイルと合っていません。
W,../adlint.c,292,5,c_builtin,W0432,UNC,X99,この行はプロジェクトのインデントスタイルと合っていません。
W,../adlint.c,293,5,c_builtin,W0432,UNC,X99,この行はプロジェクトのインデントスタイルと合っていません。
W,../adlint.c,294,3,c_builtin,W0432,UNC,X99,この行はプロジェクトのインデントスタイルと合っていません。
W,../adlint.c,296,3,c_builtin,W0432,UNC,X99,この行はプロジェクトのインデントスタイルと合っていません。
W,../adlint.c,304,3,c_builtin,W0432,UNC,X99,この行はプロジェクトのインデントスタイルと合っていません。
W,../adlint.c,305,3,c_builtin,W0432,UNC,X99,この行はプロジェクトのインデントスタイルと合っていません。
W,../adlint.c,306,3,c_builtin,W0432,UNC,X99,この行はプロジェクトのインデントスタイルと合っていません。
W,../adlint.c,307,3,c_builtin,W0432,UNC,X99,この行はプロジェクトのインデントスタイルと合っていません。
W,../adlint.c,310,3,c_builtin,W0432,UNC,X99,この行はプロジェクトのインデントスタイルと合っていません。
W,../adlint.c,311,3,c_builtin,W0432,UNC,X99,この行はプロジェクトのインデントスタイルと合っていません。
W,../adlint.c,313,3,c_builtin,W0432,UNC,X99,この行はプロジェクトのインデントスタイルと合っていません。
W,../adlint.c,314,5,c_builtin,W0432,UNC,X99,この行はプロジェクトのインデントスタイルと合っていません。
W,../adlint.c,315,5,c_builtin,W0432,UNC,X99,この行はプロジェクトのインデントスタイルと合っていません。
W,../adlint.c,316,5,c_builtin,W0432,UNC,X99,この行はプロジェクトのインデントスタイルと合っていません。
W,../adlint.c,317,5,c_builtin,W0432,UNC,X99,この行はプロジェクトのインデントスタイルと合っていません。
W,../adlint.c,318,5,c_builtin,W0432,UNC,X99,この行はプロジェクトのインデントスタイルと合っていません。
W,../adlint.c,319,7,c_builtin,W0432,UNC,X99,この行はプロジェクトのインデントスタイルと合っていません。
W,../adlint.c,320,7,c_builtin,W0432,UNC,X99,この行はプロジェクトのインデントスタイルと合っていません。
W,../adlint.c,321,7,c_builtin,W0432,UNC,X99,この行はプロジェクトのインデントスタイルと合っていません。
W,../adlint.c,322,7,c_builtin,W0432,UNC,X99,この行はプロジェクトのインデントスタイルと合っていません。
W,../adlint.c,323,5,c_builtin,W0432,UNC,X99,この行はプロジェクトのインデントスタイルと合っていません。
W,../adlint.c,326,5,c_builtin,W0432,UNC,X99,この行はプロジェクトのインデントスタイルと合っていません。
W,../adlint.c,327,7,c_builtin,W0432,UNC,X99,この行はプロジェクトのインデントスタイルと合っていません。
W,../adlint.c,328,7,c_builtin,W0432,UNC,X99,この行はプロジェクトのインデントスタイルと合っていません。
W,../adlint.c,329,5,c_builtin,W0432,UNC,X99,この行はプロジェクトのインデントスタイルと合っていません。
W,../adlint.c,330,5,c_builtin,W0432,UNC,X99,この行はプロジェクトのインデントスタイルと合っていません。
W,../adlint.c,331,3,c_builtin,W0432,UNC,X99,この行はプロジェクトのインデントスタイルと合っていません。
W,../adlint.c,333,3,c_builtin,W0432,UNC,X99,この行はプロジェクトのインデントスタイルと合っていません。
W,../adlint.c,341,3,c_builtin,W0432,UNC,X99,この行はプロジェクトのインデントスタイルと合っていません。
W,../adlint.c,342,3,c_builtin,W0432,UNC,X99,この行はプロジェクトのインデントスタイルと合っていません。
W,../adlint.c,343,3,c_builtin,W0432,UNC,X99,この行はプロジェクトのインデントスタイルと合っていません。
W,../adlint.c,344,3,c_builtin,W0432,UNC,X99,この行はプロジェクトのインデントスタイルと合っていません。
W,../adlint.c,345,3,c_builtin,W0432,UNC,X99,この行はプロジェクトのインデントスタイルと合っていません。
W,../adlint.c,348,3,c_builtin,W0432,UNC,X99,この行はプロジェクトのインデントスタイルと合っていません。
W,../adlint.c,350,3,c_builtin,W0432,UNC,X99,この行はプロジェクトのインデントスタイルと合っていません。
W,../adlint.c,351,5,c_builtin,W0432,UNC,X99,この行はプロジェクトのインデントスタイルと合っていません。
W,../adlint.c,352,5,c_builtin,W0432,UNC,X99,この行はプロジェクトのインデントスタイルと合っていません。
W,../adlint.c,353,5,c_builtin,W0432,UNC,X99,この行はプロジェクトのインデントスタイルと合っていません。
W,../adlint.c,354,3,c_builtin,W0432,UNC,X99,この行はプロジェクトのインデントスタイルと合っていません。
W,../adlint.c,357,3,c_builtin,W0432,UNC,X99,この行はプロジェクトのインデントスタイルと合っていません。
W,../adlint.c,358,5,c_builtin,W0432,UNC,X99,この行はプロジェクトのインデントスタイルと合っていません。
W,../adlint.c,359,5,c_builtin,W0432,UNC,X99,この行はプロジェクトのインデントスタイルと合っていません。
W,../adlint.c,360,3,c_builtin,W0432,UNC,X99,この行はプロジェクトのインデントスタイルと合っていません。
W,../adlint.c,362,3,c_builtin,W0432,UNC,X99,この行はプロジェクトのインデントスタイルと合っていません。
W,../adlint.c,370,3,c_builtin,W0432,UNC,X99,この行はプロジェクトのインデントスタイルと合っていません。
W,../adlint.c,372,3,c_builtin,W0432,UNC,X99,この行はプロジェクトのインデントスタイルと合っていません。
W,../adlint.c,374,3,c_builtin,W0432,UNC,X99,この行はプロジェクトのインデントスタイルと合っていません。
W,../adlint.c,375,5,c_builtin,W0432,UNC,X99,この行はプロジェクトのインデントスタイルと合っていません。
W,../adlint.c,376,5,c_builtin,W0432,UNC,X99,この行はプロジェクトのインデントスタイルと合っていません。
W,../adlint.c,377,5,c_builtin,W0432,UNC,X99,この行はプロジェクトのインデントスタイルと合っていません。
W,../adlint.c,378,7,c_builtin,W0432,UNC,X99,この行はプロジェクトのインデントスタイルと合っていません。
W,../adlint.c,380,7,c_builtin,W0432,UNC,X99,この行はプロジェクトのインデントスタイルと合っていません。
W,../adlint.c,381,7,c_builtin,W0432,UNC,X99,この行はプロジェクトのインデントスタイルと合っていません。
W,../adlint.c,382,7,c_builtin,W0432,UNC,X99,この行はプロジェクトのインデントスタイルと合っていません。
W,../adlint.c,383,7,c_builtin,W0432,UNC,X99,この行はプロジェクトのインデントスタイルと合っていません。
W,../adlint.c,385,7,c_builtin,W0432,UNC,X99,この行はプロジェクトのインデントスタイルと合っていません。
W,../adlint.c,386,7,c_builtin,W0432,UNC,X99,この行はプロジェクトのインデントスタイルと合っていません。
W,../adlint.c,388,7,c_builtin,W0432,UNC,X99,この行はプロジェクトのインデントスタイルと合っていません。
W,../adlint.c,389,5,c_builtin,W0432,UNC,X99,この行はプロジェクトのインデントスタイルと合っていません。
W,../adlint.c,390,5,c_builtin,W0432,UNC,X99,この行はプロジェクトのインデントスタイルと合っていません。
W,../adlint.c,391,5,c_builtin,W0432,UNC,X99,この行はプロジェクトのインデントスタイルと合っていません。
W,../adlint.c,392,3,c_builtin,W0432,UNC,X99,この行はプロジェクトのインデントスタイルと合っていません。
W,../adlint.c,400,3,c_builtin,W0432,UNC,X99,この行はプロジェクトのインデントスタイルと合っていません。
W,../adlint.c,401,3,c_builtin,W0432,UNC,X99,この行はプロジェクトのインデントスタイルと合っていません。
W,../adlint.c,402,3,c_builtin,W0432,UNC,X99,この行はプロジェクトのインデントスタイルと合っていません。
W,../adlint.c,403,3,c_builtin,W0432,UNC,X99,この行はプロジェクトのインデントスタイルと合っていません。
W,../adlint.c,405,3,c_builtin,W0432,UNC,X99,この行はプロジェクトのインデントスタイルと合っていません。
W,../adlint.c,406,5,c_builtin,W0432,UNC,X99,この行はプロジェクトのインデントスタイルと合っていません。
W,../adlint.c,407,5,c_builtin,W0432,UNC,X99,この行はプロジェクトのインデントスタイルと合っていません。
W,../adlint.c,408,5,c_builtin,W0432,UNC,X99,この行はプロジェクトのインデントスタイルと合っていません。
W,../adlint.c,409,7,c_builtin,W0432,UNC,X99,この行はプロジェクトのインデントスタイルと合っていません。
W,../adlint.c,410,7,c_builtin,W0432,UNC,X99,この行はプロジェクトのインデントスタイルと合っていません。
W,../adlint.c,411,5,c_builtin,W0432,UNC,X99,この行はプロジェクトのインデントスタイルと合っていません。
W,../adlint.c,412,3,c_builtin,W0432,UNC,X99,この行はプロジェクトのインデントスタイルと合っていません。
W,../adlint.c,413,3,c_builtin,W0432,UNC,X99,この行はプロジェクトのインデントスタイルと合っていません。
W,../adlint.c,421,3,c_builtin,W0432,UNC,X99,この行はプロジェクトのインデントスタイルと合っていません。
W,../adlint.c,422,3,c_builtin,W0432,UNC,X99,この行はプロジェクトのインデントスタイルと合っていません。
W,../adlint.c,423,3,c_builtin,W0432,UNC,X99,この行はプロジェクトのインデントスタイルと合っていません。
W,../adlint.c,424,3,c_builtin,W0432,UNC,X99,この行はプロジェクトのインデントスタイルと合っていません。
W,../adlint.c,425,5,c_builtin,W0432,UNC,X99,この行はプロジェクトのインデントスタイルと合っていません。
W,../adlint.c,426,5,c_builtin,W0432,UNC,X99,この行はプロジェクトのインデントスタイルと合っていません。
W,../adlint.c,427,5,c_builtin,W0432,UNC,X99,この行はプロジェクトのインデントスタイルと合っていません。
W,../adlint.c,428,3,c_builtin,W0432,UNC,X99,この行はプロジェクトのインデントスタイルと合っていません。
W,../adlint.c,429,3,c_builtin,W0432,UNC,X99,この行はプロジェクトのインデントスタイルと合っていません。
W,../adlint.c,441,3,c_builtin,W0432,UNC,X99,この行はプロジェクトのインデントスタイルと合っていません。
W,../adlint.c,442,3,c_builtin,W0432,UNC,X99,この行はプロジェクトのインデントスタイルと合っていません。
W,../adlint.c,443,3,c_builtin,W0432,UNC,X99,この行はプロジェクトのインデントスタイルと合っていません。
W,../adlint.c,444,3,c_builtin,W0432,UNC,X99,この行はプロジェクトのインデントスタイルと合っていません。
W,../adlint.c,446,3,c_builtin,W0432,UNC,X99,この行はプロジェクトのインデントスタイルと合っていません。
W,../adlint.c,447,5,c_builtin,W0432,UNC,X99,この行はプロジェクトのインデントスタイルと合っていません。
W,../adlint.c,448,5,c_builtin,W0432,UNC,X99,この行はプロジェクトのインデントスタイルと合っていません。
W,../adlint.c,449,5,c_builtin,W0432,UNC,X99,この行はプロジェクトのインデントスタイルと合っていません。
W,../adlint.c,450,5,c_builtin,W0432,UNC,X99,この行はプロジェクトのインデントスタイルと合っていません。
W,../adlint.c,451,3,c_builtin,W0432,UNC,X99,この行はプロジェクトのインデントスタイルと合っていません。
W,../adlint.c,452,3,c_builtin,W0432,UNC,X99,この行はプロジェクトのインデントスタイルと合っていません。
W,../adlint.c,453,5,c_builtin,W0432,UNC,X99,この行はプロジェクトのインデントスタイルと合っていません。
W,../adlint.c,454,5,c_builtin,W0432,UNC,X99,この行はプロジェクトのインデントスタイルと合っていません。
W,../adlint.c,455,5,c_builtin,W0432,UNC,X99,この行はプロジェクトのインデントスタイルと合っていません。
W,../adlint.c,456,5,c_builtin,W0432,UNC,X99,この行はプロジェクトのインデントスタイルと合っていません。
W,../adlint.c,457,3,c_builtin,W0432,UNC,X99,この行はプロジェクトのインデントスタイルと合っていません。
W,../adlint.c,465,3,c_builtin,W0432,UNC,X99,この行はプロジェクトのインデントスタイルと合っていません。
W,../adlint.c,466,3,c_builtin,W0432,UNC,X99,この行はプロジェクトのインデントスタイルと合っていません。
W,../adlint.c,468,3,c_builtin,W0432,UNC,X99,この行はプロジェクトのインデントスタイルと合っていません。
W,../adlint.c,469,3,c_builtin,W0432,UNC,X99,この行はプロジェクトのインデントスタイルと合っていません。
W,../adlint.c,470,3,c_builtin,W0432,UNC,X99,この行はプロジェクトのインデントスタイルと合っていません。
W,../adlint.c,472,3,c_builtin,W0432,UNC,X99,この行はプロジェクトのインデントスタイルと合っていません。
W,../adlint.c,473,5,c_builtin,W0432,UNC,X99,この行はプロジェクトのインデントスタイルと合っていません。
W,../adlint.c,474,7,c_builtin,W0432,UNC,X99,この行はプロジェクトのインデントスタイルと合っていません。
W,../adlint.c,475,9,c_builtin,W0432,UNC,X99,この行はプロジェクトのインデントスタイルと合っていません。
W,../adlint.c,476,7,c_builtin,W0432,UNC,X99,この行はプロジェクトのインデントスタイルと合っていません。
W,../adlint.c,477,5,c_builtin,W0432,UNC,X99,この行はプロジェクトのインデントスタイルと合っていません。
W,../adlint.c,478,3,c_builtin,W0432,UNC,X99,この行はプロジェクトのインデントスタイルと合っていません。
W,../adlint.c,491,3,c_builtin,W0432,UNC,X99,この行はプロジェクトのインデントスタイルと合っていません。
W,../adlint.c,492,3,c_builtin,W0432,UNC,X99,この行はプロジェクトのインデントスタイルと合っていません。
W,../adlint.c,493,5,c_builtin,W0432,UNC,X99,この行はプロジェクトのインデントスタイルと合っていません。
W,../adlint.c,494,7,c_builtin,W0432,UNC,X99,この行はプロジェクトのインデントスタイルと合っていません。
W,../adlint.c,496,7,c_builtin,W0432,UNC,X99,この行はプロジェクトのインデントスタイルと合っていません。
W,../adlint.c,497,7,c_builtin,W0432,UNC,X99,この行はプロジェクトのインデントスタイルと合っていません。
W,../adlint.c,498,5,c_builtin,W0432,UNC,X99,この行はプロジェクトのインデントスタイルと合っていません。
W,../adlint.c,499,5,c_builtin,W0432,UNC,X99,この行はプロジェクトのインデントスタイルと合っていません。
W,../adlint.c,500,3,c_builtin,W0432,UNC,X99,この行はプロジェクトのインデントスタイルと合っていません。
W,../adlint.c,,,c_builtin,W0059,UNC,X99,このファイルの行末に Ctrl-M(^M) 制御文字が見つかりました。
